hcp_id,specialty,region,decile,patient_volume,potential_score,receptivity_score,segment,total_calls,total_rx
HCP0000,Primary Care,West,1,62,17.253684585995583,26.05990847169969,Low Priority,4,29.6
HCP0001,Oncology,Midwest,5,1154,63.0531115878582,89.44719883991299,Key Target,27,3104.8
HCP0002,Primary Care,West,5,1504,70.7699262193007,60.45725036051546,Key Target,21,3937.3
HCP0003,Primary Care,West,3,1124,55.7776476401199,62.59375161227968,Maintain,9,1676.7
HCP0004,Cardiology,South,2,798,43.85842593972252,48.81955269607501,Low Priority,5,795.2
HCP0005,Primary Care,West,1,1665,49.9470520160037,51.54257835113128,Low Priority,3,792.9
HCP0006,Primary Care,South,1,773,17.033853319330422,74.29101364478666,Maintain,6,376.1
HCP0007,Primary Care,South,5,1435,64.99293306968538,54.35325762609569,Growth,14,3710.7
HCP0008,Cardiology,Midwest,1,955,20.45790878251007,65.61387876049466,Maintain,5,470.9
HCP0009,Neurology,West,10,101,68.38402309648495,51.07991404309968,Growth,17,494.3
HCP0010,Oncology,South,3,1084,51.9758828755767,48.15694218535906,Low Priority,3,1558.2
HCP0011,Primary Care,West,7,146,68.6503513736642,26.86171668796276,Growth,12,491.4
HCP0012,Primary Care,Midwest,7,1865,100.0,15.44501875265744,Growth,19,6292.8
HCP0013,Primary Care,West,5,1223,52.49168194129719,49.76876197867196,Low Priority,4,2821.2
HCP0014,Oncology,Northeast,9,775,89.84891631732361,56.129933839864655,Key Target,25,3591.6
HCP0015,Endocrinology,Northeast,2,998,39.647608026939146,29.277399265824183,Low Priority,1,975.7
HCP0016,Neurology,South,3,1257,72.19299000180351,54.31050269930734,Growth,17,1878.2
HCP0017,Cardiology,South,3,557,26.267896696643547,56.07505125981004,Maintain,16,842.2
HCP0018,Primary Care,West,2,612,28.17457917920644,11.87983987881242,Low Priority,6,588.0
HCP0019,Primary Care,Midwest,3,866,59.29682144435651,36.697506810409976,Low Priority,7,1272.2
HCP0020,Primary Care,South,4,554,49.44982673077239,63.14527787470937,Maintain,8,1134.0
HCP0021,Oncology,South,8,1527,100.0,62.74117458791488,Key Target,22,6299.8
HCP0022,Primary Care,West,4,252,39.21667549619102,31.92650167200479,Low Priority,4,463.0
HCP0023,Primary Care,South,9,1661,100.0,58.168961009994696,Key Target,16,7629.8
HCP0024,Primary Care,Midwest,8,729,88.44587624222828,75.44814450720943,Key Target,27,3131.6
HCP0025,Endocrinology,West,10,1144,100.0,70.54145917981796,Key Target,25,5933.3
HCP0026,Neurology,Northeast,2,357,31.9494686312656,53.094284259721306,Low Priority,3,340.4
HCP0027,Cardiology,West,10,801,89.0409758649157,45.64047373351416,Growth,18,3971.3
HCP0028,Endocrinology,Northeast,7,1521,96.65194378265232,42.41311031330992,Growth,15,5178.7
HCP0029,Primary Care,Midwest,10,577,95.8549277062906,64.35639565819314,Key Target,25,2889.9
HCP0030,Primary Care,West,4,307,34.744655294463136,58.90207946285776,Maintain,9,607.3
HCP0031,Primary Care,South,10,1067,100.0,67.588080122044,Key Target,17,5442.5
HCP0032,Oncology,West,6,366,52.169678778675575,57.63747626242304,Maintain,12,1058.2
HCP0033,Oncology,South,1,663,16.001389385106044,71.37527900694883,Maintain,9,323.3
HCP0034,Neurology,South,5,928,60.371082067090846,56.891850659154,Key Target,13,2370.2
HCP0035,Endocrinology,Midwest,2,1149,35.89309091702671,70.69377432263373,Maintain,9,1168.2
HCP0036,Cardiology,Northeast,10,1296,100.0,72.41645540733278,Key Target,24,6685.8
HCP0037,Neurology,Northeast,4,1369,57.02431604678109,38.909467395503725,Low Priority,6,2522.0
HCP0038,Endocrinology,Midwest,3,1696,72.09581618392842,18.83711906258508,Growth,23,2497.2
HCP0039,Primary Care,Northeast,6,178,42.99816745656944,85.86985712029107,Maintain,9,548.3
HCP0040,Oncology,South,5,756,54.369640675351945,60.13317461424524,Maintain,10,1879.5
HCP0041,Primary Care,West,1,52,4.303172734278569,20.71028209007757,Low Priority,4,26.2
HCP0042,Primary Care,West,9,68,84.30117383099872,40.72361005562578,Growth,21,325.4
HCP0043,Oncology,Midwest,9,463,86.21731956493274,70.43748584739657,Key Target,21,2093.6
HCP0044,Primary Care,West,8,1216,92.70612957964484,49.40646337734214,Growth,19,4844.8
HCP0045,Primary Care,West,7,1794,100.0,44.758771613617455,Growth,15,6355.0
HCP0046,Oncology,West,5,1558,62.0924612213625,83.01763720625934,Key Target,15,3995.5
HCP0047,Endocrinology,Midwest,6,1310,80.40493128287274,34.05425707232379,Growth,15,3699.1
HCP0048,Primary Care,Midwest,6,1567,100.0,39.03693284490332,Growth,17,4622.9
HCP0049,Cardiology,West,2,385,26.683772051221386,59.22772950096535,Maintain,8,388.3
HCP0050,Endocrinology,Northeast,1,1687,50.71830535335468,62.80909864107765,Maintain,11,864.4
HCP0051,Cardiology,Midwest,3,1786,73.03502703713758,64.92686068681463,Key Target,19,2668.7
HCP0052,Primary Care,Northeast,5,235,53.03984194651476,73.22476089137893,Maintain,11,595.3
HCP0053,Primary Care,West,2,966,24.170266456881123,58.97157241363034,Maintain,12,971.4
HCP0054,Primary Care,South,2,1668,44.24138814567179,64.78767877876818,Maintain,15,1678.8
HCP0055,Primary Care,Northeast,9,978,98.13233032868918,49.81581481369834,Growth,19,4670.3
HCP0056,Neurology,Northeast,4,1688,68.48098750481992,56.253966064734286,Key Target,21,3489.6
HCP0057,Neurology,South,6,1874,100.0,57.150683601072686,Key Target,25,5994.9
HCP0058,Cardiology,South,6,975,69.85360488091821,59.30196271638072,Key Target,19,3012.6
HCP0059,Cardiology,West,8,165,52.64875411429506,70.45079615165521,Maintain,11,666.7
HCP0060,Primary Care,Midwest,8,713,71.68088866524803,66.10291363889662,Key Target,17,2840.6
HCP0061,Neurology,West,3,469,13.727591842955398,55.88434005800366,Maintain,8,701.2
HCP0062,Neurology,Midwest,9,974,94.4769957017367,38.8174803011792,Growth,21,4413.9
HCP0063,Primary Care,West,4,1192,60.29292698188493,56.353425161254194,Key Target,17,2363.4
HCP0064,Primary Care,Northeast,9,954,92.45429832174482,54.43964430208512,Growth,18,4331.2
HCP0065,Neurology,Northeast,5,431,59.40603231223791,58.86363159626397,Maintain,16,1108.8
HCP0066,Neurology,Northeast,2,637,41.51315869213355,99.13050614280804,Maintain,17,657.5
HCP0067,Oncology,Midwest,8,1375,97.0118926131511,44.52454442917529,Growth,17,5344.4
HCP0068,Cardiology,West,1,102,0.0,63.4457803825072,Maintain,6,48.9
HCP0069,Oncology,Northeast,8,467,80.61325264393807,76.36924134488596,Key Target,21,1893.8
HCP0070,Endocrinology,Midwest,1,1790,57.19288182806861,56.96003828198766,Maintain,7,871.2
HCP0071,Oncology,Northeast,3,243,32.55013256125556,100.0,Maintain,9,364.1
HCP0072,Primary Care,West,7,858,85.30183799446493,47.43921416537047,Growth,12,3014.0
HCP0073,Endocrinology,South,10,453,82.00637522831168,61.481784446400944,Key Target,20,2387.9
HCP0074,Cardiology,West,5,254,62.42004308948111,39.02388510214036,Growth,13,615.3
HCP0075,Endocrinology,South,2,874,30.17457797486506,47.96950529713413,Low Priority,5,873.7
HCP0076,Endocrinology,South,3,1066,56.64378341760683,59.97867820793316,Maintain,5,1588.3
HCP0077,Primary Care,West,9,393,68.32621844469318,71.9260812461546,Key Target,18,1831.4
HCP0078,Neurology,Northeast,8,201,61.5828825018396,61.381896680471485,Key Target,23,864.7
HCP0079,Primary Care,West,2,312,35.93094917380269,80.18229698669472,Maintain,7,302.8
HCP0080,Primary Care,South,4,1320,62.9128014159932,53.100693788146565,Growth,19,2734.3
HCP0081,Oncology,South,3,1727,73.89438084106239,48.35662940321989,Growth,15,2544.1
HCP0082,Primary Care,Midwest,2,401,27.920643109753968,100.0,Maintain,15,419.0
HCP0083,Endocrinology,West,9,674,88.01033475199861,62.88475298884062,Key Target,25,3132.5
HCP0084,Cardiology,Midwest,7,720,84.91080259946152,40.610369080429045,Growth,19,2413.3
HCP0085,Cardiology,Northeast,2,753,32.9317294027848,41.11472475503862,Low Priority,6,719.0
HCP0086,Primary Care,West,7,526,54.90409513949224,36.1464017093732,Low Priority,3,1746.2
HCP0087,Neurology,Northeast,5,157,37.49907926438635,73.73138711713575,Maintain,7,392.6
HCP0088,Endocrinology,Northeast,1,1074,39.25953382961355,47.712454142135165,Low Priority,4,515.2
HCP0089,Neurology,South,5,746,61.81407285090006,57.547249513129714,Key Target,20,1915.2
HCP0090,Endocrinology,Northeast,2,717,21.388533998116493,53.72982651123463,Low Priority,3,711.5
HCP0091,Primary Care,West,3,566,32.35525984473439,69.62984815881869,Maintain,10,863.8
HCP0092,Oncology,Midwest,9,1862,100.0,38.0651181423196,Growth,16,8422.2
HCP0093,Oncology,Northeast,8,1240,92.0762432470862,33.48855427713969,Growth,18,4822.5
HCP0094,Oncology,West,2,866,26.64269129118759,59.485946143631885,Maintain,17,824.0
HCP0095,Primary Care,South,9,450,78.22303113504417,67.01918569399794,Key Target,23,2049.6
HCP0096,Oncology,Midwest,6,1612,82.47111611792377,61.650646261952815,Key Target,19,5005.4
HCP0097,Cardiology,South,9,1782,100.0,38.81092541805344,Growth,19,8025.0
HCP0098,Cardiology,South,8,113,73.29797048792196,68.54969684182788,Key Target,26,473.7
HCP0099,Primary Care,Northeast,4,1862,77.38351633528947,40.12278145808732,Growth,14,3558.6
HCP0100,Primary Care,West,6,1413,80.18868163303415,44.56922710427233,Growth,18,4296.3
HCP0101,Primary Care,Midwest,6,244,55.21939449631291,36.12092950555996,Low Priority,10,708.9
HCP0102,Endocrinology,South,8,1518,95.4173991403554,81.02316697304062,Key Target,17,6281.5
HCP0103,Primary Care,West,3,259,21.30034334266048,67.66843082054699,Maintain,10,377.1
HCP0104,Primary Care,South,4,149,28.203230328594262,67.09986751357746,Maintain,12,285.8
HCP0105,Primary Care,South,3,274,25.771494688228348,79.94422842284901,Maintain,12,425.9
HCP0106,Oncology,Midwest,3,946,38.34220960166183,100.0,Maintain,7,1419.8
HCP0107,Endocrinology,Northeast,2,1258,48.746476472503,20.81547792179689,Low Priority,2,1181.6
HCP0108,Cardiology,Midwest,1,844,34.93772539026967,40.23246838245784,Low Priority,7,409.2
HCP0109,Primary Care,West,10,287,74.47821359361406,42.67649831650952,Growth,16,1400.3
HCP0110,Neurology,South,1,438,19.151029689728265,37.98360755234614,Low Priority,5,218.7
HCP0111,Endocrinology,Midwest,9,1712,100.0,33.44833504792575,Growth,21,7844.1
HCP0112,Oncology,West,1,1927,58.90706948429442,49.00693871889269,Low Priority,7,893.9
HCP0113,Neurology,West,8,1520,100.0,30.667925694211903,Growth,16,5988.6
HCP0114,Endocrinology,West,4,251,26.646205760546952,61.70084735074826,Maintain,12,516.0
HCP0115,Primary Care,Midwest,6,1648,79.10088560914268,56.03396642857229,Key Target,24,4657.4
HCP0116,Primary Care,South,3,1399,59.210388604679785,64.6205732952731,Maintain,10,2080.8
HCP0117,Primary Care,South,5,1075,75.10524735796407,65.15456903276505,Key Target,27,2688.6
HCP0118,Oncology,Midwest,5,329,30.51150103165598,67.06013706853354,Maintain,11,832.3
HCP0119,Primary Care,Midwest,6,1993,100.0,47.53182126352235,Growth,14,5812.3
HCP0120,Neurology,Northeast,4,913,64.34197604230116,97.42286805267337,Key Target,22,1943.1
HCP0121,Primary Care,Midwest,6,136,50.175792990350295,59.68862232964196,Maintain,10,397.2
HCP0122,Cardiology,South,9,459,87.87661996821151,17.750304947504098,Growth,17,1911.1
HCP0123,Oncology,West,5,832,55.17544735281758,34.95248508467565,Low Priority,2,2081.9
HCP0124,Cardiology,West,4,171,35.32007040578498,20.189940219443685,Low Priority,6,330.3
HCP0125,Neurology,Northeast,2,681,20.057691853534784,55.34669258302615,Maintain,11,655.1
HCP0126,Oncology,South,4,963,37.32025353264901,52.56389551893333,Low Priority,5,1794.7
HCP0127,Cardiology,Northeast,2,1899,71.0171264098022,45.63148604201084,Growth,18,1888.1
HCP0128,Cardiology,South,2,218,13.570040578204464,95.21852224801027,Maintain,7,216.1
HCP0129,Neurology,Midwest,10,1174,100.0,65.97965748153821,Key Target,17,5825.1
HCP0130,Endocrinology,Midwest,1,1835,42.783461973838456,69.52196722892668,Maintain,11,942.7
HCP0131,Primary Care,South,5,1622,69.27024237532899,36.37853024115793,Growth,15,3954.6
HCP0132,Neurology,Midwest,9,1853,100.0,35.017102173379755,Growth,17,7880.1
HCP0133,Oncology,West,10,382,83.71338244691482,55.73610998193909,Key Target,20,1937.0
HCP0134,Neurology,South,2,1612,59.32376798395759,58.46014279304452,Maintain,11,1595.8
HCP0135,Cardiology,West,2,1958,68.57030735183673,17.873768657710862,Growth,16,1976.7
HCP0136,Primary Care,South,4,685,51.69179717059686,51.39385954300932,Low Priority,5,1325.7
HCP0137,Neurology,Midwest,6,1022,75.45880632742755,55.2814416574701,Key Target,15,3104.9
HCP0138,Primary Care,West,10,1085,100.0,50.69701668457742,Growth,21,5457.3
HCP0139,Cardiology,Midwest,3,1012,40.75924984764091,38.73219175306647,Low Priority,7,1508.6
HCP0140,Neurology,South,2,615,30.93552107037666,44.2092963615772,Low Priority,7,570.7
HCP0141,Neurology,Northeast,3,1943,81.63651856415672,51.46281612854408,Growth,11,2957.2
HCP0142,Primary Care,Northeast,9,1915,100.0,56.81600047220096,Key Target,24,8503.6
HCP0143,Neurology,South,1,792,16.42589080524342,67.09583165101137,Maintain,12,385.5
HCP0144,Neurology,Northeast,4,1620,70.00115646675305,76.61712409901742,Key Target,20,3306.2
HCP0145,Endocrinology,West,2,825,47.48996876693808,49.11304552945501,Low Priority,9,814.6
HCP0146,Oncology,West,2,1599,60.03963284159252,45.87687607769284,Growth,12,1500.9
HCP0147,Neurology,South,10,1190,100.0,63.75311347068613,Key Target,16,5841.0
HCP0148,Oncology,South,1,966,30.408522452522742,67.21689832821708,Maintain,11,494.7
HCP0149,Cardiology,South,4,299,36.40459259433804,46.315991334822286,Low Priority,2,574.3
HCP0150,Primary Care,Northeast,10,1326,100.0,70.80786953932345,Key Target,22,6603.0
HCP0151,Primary Care,Midwest,7,676,70.88100700012414,74.59170682311947,Key Target,27,2404.9
HCP0152,Cardiology,Midwest,1,472,19.459371031644448,80.83372931317346,Maintain,6,229.1
HCP0153,Neurology,West,5,426,51.278789648920295,90.56641813439646,Maintain,8,1112.0
HCP0154,Cardiology,Northeast,10,1964,100.0,37.67167722681123,Growth,16,9356.5
HCP0155,Primary Care,Midwest,5,251,50.5320349910515,55.27796418665022,Maintain,8,614.8
HCP0156,Endocrinology,Midwest,6,1607,100.0,55.2255539323732,Key Target,16,4812.3
HCP0157,Primary Care,Northeast,6,1738,77.2341068853914,53.03852862934985,Growth,13,5308.4
HCP0158,Primary Care,Northeast,7,110,61.34210019351984,42.01474160779728,Growth,8,376.1
HCP0159,Primary Care,Midwest,2,1199,39.89347929104876,25.28875993537857,Low Priority,3,1140.3
HCP0160,Cardiology,Northeast,9,1175,100.0,56.85358892058007,Key Target,19,5215.9
HCP0161,Primary Care,Northeast,10,749,99.09745978662288,39.63288680904175,Growth,15,3686.2
HCP0162,Endocrinology,Midwest,2,1350,55.84483819233971,56.7198696149525,Maintain,11,1323.7
HCP0163,Cardiology,Northeast,9,846,100.0,39.11912916602293,Growth,20,3893.8
HCP0164,Neurology,South,9,907,96.21436894214544,33.00683308311317,Growth,16,3947.7
HCP0165,Oncology,Northeast,8,891,95.33141830731344,59.68596720753796,Key Target,17,3541.7
HCP0166,Primary Care,Midwest,4,1611,53.52061684969058,58.01843053612992,Maintain,8,3208.6
HCP0167,Primary Care,Midwest,5,1284,84.82361838332818,66.58563942641865,Key Target,16,3338.7
HCP0168,Oncology,West,9,789,94.72549721513872,98.71727532835251,Key Target,18,3600.6
HCP0169,Primary Care,South,2,1857,71.04774684596146,60.54579062421693,Key Target,24,1928.5
HCP0170,Endocrinology,West,9,1614,100.0,64.7016353412826,Key Target,18,7500.3
HCP0171,Neurology,Midwest,10,1868,100.0,33.44877342265349,Growth,17,9216.8
HCP0172,Endocrinology,Midwest,7,1474,94.01750635315818,29.26185118927251,Growth,14,5081.7
HCP0173,Primary Care,Midwest,4,813,52.188696885300295,86.65658893546667,Maintain,11,1628.3
HCP0174,Endocrinology,West,6,1557,89.18954870407991,36.530404401333925,Growth,20,4589.8
HCP0175,Cardiology,West,1,692,33.97612128743973,34.12111857062716,Low Priority,7,321.3
HCP0176,Oncology,West,10,578,80.3282374775772,54.21802157566894,Growth,18,2815.2
HCP0177,Primary Care,West,4,929,63.01555257373848,53.19615173245224,Growth,20,1871.3
HCP0178,Primary Care,South,1,1940,56.566255279663416,36.94986987113417,Low Priority,8,947.9
HCP0179,Primary Care,South,8,1157,91.29474511100362,48.900535625738,Growth,11,4598.1
HCP0180,Primary Care,West,7,798,64.18107812492087,79.58751435300209,Key Target,25,2870.4
HCP0181,Primary Care,Midwest,7,950,83.77438934701492,38.88012782336405,Growth,11,3267.6
HCP0182,Neurology,Midwest,1,617,4.112137191751703,27.126550312676567,Low Priority,5,296.7
HCP0183,Oncology,West,8,1334,100.0,73.85187241799585,Key Target,24,5606.1
HCP0184,Primary Care,Midwest,7,733,62.38815331621607,64.84593823876074,Key Target,30,2559.3
HCP0185,Primary Care,Northeast,8,1131,92.7026633009398,42.58962758702677,Growth,7,4445.6
HCP0186,Oncology,South,9,771,90.32164930137664,23.356659677461643,Growth,12,3404.1
HCP0187,Cardiology,Midwest,3,675,50.23130517835107,40.10753287122874,Low Priority,3,971.8
HCP0188,Primary Care,West,3,1941,71.09575864788889,53.90591126301457,Growth,11,2846.4
HCP0189,Endocrinology,West,10,724,92.54689151083468,78.31344179767638,Key Target,21,3800.3
HCP0190,Primary Care,Midwest,6,187,48.62217843223037,34.26836050260686,Low Priority,7,526.5
HCP0191,Endocrinology,South,5,788,69.88306215003732,53.30960236977053,Growth,12,1920.8
HCP0192,Cardiology,West,3,1087,55.46537575344715,68.50289319789796,Maintain,7,1578.4
HCP0193,Primary Care,South,7,234,58.76496014781471,7.374653197561585,Low Priority,6,756.8
HCP0194,Endocrinology,Northeast,8,646,78.2584286402839,75.67572335877799,Key Target,21,2705.7
HCP0195,Endocrinology,South,1,373,4.787583275316424,31.35098855587125,Low Priority,2,181.3
HCP0196,Neurology,South,6,1026,76.75779360681233,61.63990986913869,Key Target,20,3109.5
HCP0197,Primary Care,South,10,1460,100.0,59.93366299221488,Key Target,26,7876.6
HCP0198,Endocrinology,Northeast,3,1938,78.46437172668365,76.6917278292769,Key Target,26,3044.5
HCP0199,Oncology,Midwest,3,808,45.22897273993013,66.0184876178708,Maintain,7,1198.4
HCP0200,Primary Care,West,9,1733,100.0,7.454190165400377,Growth,17,7614.7
HCP0201,Primary Care,Northeast,1,468,10.898915570205553,39.304415056880174,Low Priority,3,237.7
HCP0202,Neurology,Midwest,4,1571,70.45370327167494,57.7641025870656,Key Target,24,3196.6
HCP0203,Cardiology,Midwest,5,1147,83.0613016073845,51.10040227760426,Growth,14,2842.8
HCP0204,Cardiology,Northeast,8,1528,100.0,64.55221459513541,Key Target,18,6264.3
HCP0205,Endocrinology,Northeast,2,1523,48.50530358736081,70.7873311133941,Maintain,15,1499.7
HCP0206,Cardiology,Midwest,5,1088,68.99173942698758,67.16903472859359,Key Target,24,2902.2
HCP0207,Primary Care,West,2,551,29.790994851320697,50.7145011489107,Low Priority,6,515.6
HCP0208,Cardiology,Northeast,8,1076,93.15564693915326,18.0732597775904,Growth,19,4034.8
HCP0209,Neurology,Midwest,7,1662,91.96055651212136,45.890375022903655,Growth,21,5710.3
HCP0210,Primary Care,Northeast,5,1942,87.83543677839413,63.32736296277911,Key Target,18,4998.3
HCP0211,Neurology,South,4,1858,65.6655809977863,33.19105494899045,Growth,16,3630.1
HCP0212,Endocrinology,Midwest,2,403,27.155987614944657,67.62549460243153,Maintain,5,402.0
HCP0213,Primary Care,West,10,1214,100.0,73.1678659453461,Key Target,16,6294.9
HCP0214,Primary Care,South,7,253,60.50564469884893,57.53733952591685,Key Target,18,862.8
HCP0215,Primary Care,West,4,1354,52.92959287532169,0.0,Low Priority,9,2592.5
HCP0216,Cardiology,South,5,1985,97.5332549028117,29.438232745763933,Growth,13,4844.2
HCP0217,Cardiology,Midwest,8,152,70.71620030394241,92.72378317112162,Key Target,21,660.0
HCP0218,Primary Care,West,8,1330,91.4418792183922,44.06924413943244,Growth,15,5158.4
HCP0219,Oncology,Midwest,5,1893,85.0801964252955,15.31713553742008,Growth,18,4711.5
HCP0220,Oncology,West,4,1702,62.54464477774529,79.70494776620545,Key Target,19,3436.0
HCP0221,Neurology,West,7,815,68.17171897777676,55.26711183087346,Key Target,24,2915.2
HCP0222,Primary Care,South,7,252,57.99750922914288,77.09880977915451,Maintain,6,865.9
HCP0223,Primary Care,South,6,1851,100.0,60.53917350438731,Key Target,19,5461.5
HCP0224,Endocrinology,Midwest,1,1846,49.03397287290019,64.17118272424338,Maintain,12,947.7
HCP0225,Primary Care,West,5,1179,74.59670927463006,62.26018495429033,Key Target,23,2958.6
HCP0226,Cardiology,South,7,1958,100.0,68.94976623842,Key Target,19,6793.4
HCP0227,Neurology,West,10,59,83.458580486815,100.0,Key Target,13,286.0
HCP0228,Primary Care,Midwest,6,1252,78.16883598284959,74.42012671918377,Key Target,27,3963.0
HCP0229,Cardiology,West,4,125,42.10945280074195,23.3932136430893,Low Priority,3,246.0
HCP0230,Cardiology,Midwest,6,1874,90.57150929425153,63.933230305578064,Key Target,20,5759.7
HCP0231,Oncology,Northeast,2,1376,37.81977399998047,77.82961536206436,Maintain,11,1366.2
HCP0232,Primary Care,Northeast,1,1831,42.71940774909093,79.05401613072291,Maintain,12,917.7
HCP0233,Neurology,South,7,1147,80.41998004845794,46.46790033881801,Growth,18,4100.5
HCP0234,Primary Care,Midwest,10,212,75.30752023457558,78.29888890376256,Key Target,27,1098.0
HCP0235,Primary Care,Northeast,9,101,77.80669612543642,73.5548479910241,Key Target,20,473.6
HCP0236,Neurology,Midwest,6,704,61.87385468113537,100.0,Key Target,21,2296.4
HCP0237,Primary Care,South,1,1499,64.47185240021145,39.999965275029766,Growth,12,770.4
HCP0238,Cardiology,Midwest,10,344,74.69828323890295,44.8519884719915,Growth,14,1694.2
HCP0239,Cardiology,West,5,1711,84.40406542967841,48.87761903080092,Growth,19,4222.8
HCP0240,Primary Care,West,3,516,27.876375811954645,45.19555699922449,Low Priority,3,740.7
HCP0241,Primary Care,South,9,1018,93.50278927693856,37.199585004727936,Growth,13,4555.6
HCP0242,Endocrinology,West,8,446,76.28135578672436,0.0,Growth,14,1716.3
HCP0243,Neurology,Midwest,8,958,69.34702900100571,46.30601052553732,Growth,17,3717.5
HCP0244,Primary Care,Northeast,3,931,49.16960893430422,62.38716119399809,Maintain,13,1384.9
HCP0245,Primary Care,Northeast,10,60,96.72325969819336,45.135563089881785,Growth,21,297.2
HCP0246,Primary Care,West,5,1157,65.29749361305126,93.7076236705822,Key Target,17,2978.3
HCP0247,Oncology,West,6,1583,89.65346285444407,55.26751625431725,Key Target,28,4792.5
HCP0248,Oncology,South,8,1875,100.0,80.82058110368271,Key Target,15,7504.4
HCP0249,Oncology,Northeast,7,694,72.03837199978402,60.228408254599366,Key Target,17,2397.7
HCP0250,Primary Care,Midwest,2,1767,55.52731849174813,71.52814619786515,Maintain,12,1742.8
HCP0251,Primary Care,Northeast,4,1763,57.86910877022599,60.58483107867124,Maintain,10,3466.9
HCP0252,Neurology,Northeast,4,1977,86.55292575515978,82.37569263807126,Key Target,16,3963.8
HCP0253,Endocrinology,Northeast,10,777,98.5196527221688,56.11878700264801,Key Target,17,3998.2
HCP0254,Endocrinology,South,8,1709,98.62352918889472,64.92241416177572,Key Target,20,7206.3
HCP0255,Primary Care,Northeast,4,1151,61.78777368222155,62.32665867300088,Key Target,26,2362.4
HCP0256,Primary Care,West,8,163,63.40555714555055,49.23429083745362,Growth,22,633.6
HCP0257,Cardiology,Midwest,8,577,74.1975909510758,63.09964637849353,Key Target,22,2410.7
HCP0258,Cardiology,Midwest,4,1360,70.85032924886967,99.68772492395364,Key Target,20,2730.0
HCP0259,Neurology,South,5,363,38.36794070940925,49.59206115809116,Low Priority,4,902.2
HCP0260,Cardiology,West,9,897,100.0,63.38929785706497,Key Target,19,4049.8
HCP0261,Primary Care,Midwest,6,1561,75.84351069505277,80.15557901738886,Key Target,18,4726.1
HCP0262,Oncology,Northeast,2,342,19.24838873315789,77.8050656188856,Maintain,11,345.0
HCP0263,Cardiology,Northeast,8,1018,100.0,55.23432835438731,Key Target,24,4235.6
HCP0264,Primary Care,West,6,468,68.71883809313938,7.332225940852766,Growth,13,1393.8
HCP0265,Endocrinology,Northeast,6,1096,76.18083193996353,65.33405637296933,Key Target,13,3420.3
HCP0266,Endocrinology,South,8,519,69.45075827599027,10.61051482753895,Growth,15,2053.6
HCP0267,Endocrinology,Midwest,10,1932,100.0,84.39874461882462,Key Target,20,10130.6
HCP0268,Cardiology,West,4,199,37.561202516685576,58.38947742386521,Maintain,13,393.4
HCP0269,Cardiology,Northeast,5,1928,88.50018585871679,74.99348039743978,Key Target,22,4819.0
HCP0270,Cardiology,West,2,1594,55.1230325629923,36.95777723637897,Low Priority,6,1557.4
HCP0271,Endocrinology,South,7,1718,98.70333988732652,23.949850533998912,Growth,15,5872.7
HCP0272,Cardiology,Midwest,5,1710,81.03499912235908,60.21508768282335,Key Target,21,4362.7
HCP0273,Neurology,Northeast,4,415,30.8391701148799,54.32793120087716,Low Priority,1,776.8
HCP0274,Primary Care,West,7,1865,98.49291406271334,45.16918347685669,Growth,13,6617.6
HCP0275,Oncology,Midwest,5,1208,77.51699243189478,56.69322561465528,Key Target,24,3099.7
HCP0276,Oncology,Midwest,5,1926,77.20332561959107,100.0,Key Target,13,5008.8
HCP0277,Neurology,Midwest,5,1762,82.53355590768577,71.69051094738116,Key Target,26,4617.0
HCP0278,Primary Care,Northeast,3,1180,46.94196856983325,75.98997211726638,Maintain,10,1852.3
HCP0279,Primary Care,Midwest,2,780,36.39080343518489,71.87873783106711,Maintain,12,801.7
HCP0280,Cardiology,Northeast,9,278,75.84093455146545,84.58924287704386,Key Target,21,1340.2
HCP0281,Endocrinology,Northeast,1,247,25.99414931979735,51.1985665419851,Low Priority,4,122.5
HCP0282,Endocrinology,Midwest,4,809,56.27766523352203,13.904773846494123,Low Priority,4,1553.8
HCP0283,Endocrinology,Northeast,7,1631,86.28057467378231,51.2282773398798,Growth,15,5714.0
HCP0284,Neurology,Midwest,2,1035,47.24482409290959,71.23471419993004,Maintain,15,1034.5
HCP0285,Oncology,West,7,989,74.5277851499035,35.60399209769852,Growth,16,3218.9
HCP0286,Cardiology,Northeast,8,526,72.53402902897973,51.47268099021339,Growth,18,2034.4
HCP0287,Oncology,Northeast,7,1150,87.26055216085697,41.164605139953736,Growth,12,4004.0
HCP0288,Neurology,Northeast,4,1294,60.41602064215892,85.04058503686261,Key Target,19,2659.8
HCP0289,Cardiology,South,1,1965,64.26784653058364,69.98914030813127,Key Target,21,1066.8
HCP0290,Primary Care,Midwest,9,1472,100.0,68.03081241287919,Key Target,19,6823.8
HCP0291,Cardiology,Midwest,4,1234,57.8984275792691,67.43202626241943,Maintain,9,2502.9
HCP0292,Primary Care,Northeast,9,1824,100.0,54.25501494895746,Growth,20,8377.8
HCP0293,Cardiology,Midwest,2,878,33.42489001315969,58.95112565055007,Maintain,7,860.2
HCP0294,Primary Care,Midwest,2,1873,71.61853244438251,31.296308389353648,Growth,15,1800.1
HCP0295,Primary Care,Midwest,8,771,88.30537034888243,11.27116042498865,Growth,12,3069.9
HCP0296,Primary Care,South,10,299,100.0,58.00162260690048,Key Target,16,1542.6
HCP0297,Primary Care,West,9,864,100.0,61.47980512544289,Key Target,20,3734.9
HCP0298,Primary Care,Midwest,8,301,63.27926374454129,79.18529136850755,Key Target,16,1224.2
HCP0299,Primary Care,West,3,280,31.56335301861831,86.42671632164735,Maintain,6,417.0
HCP0300,Primary Care,South,10,1768,100.0,86.39996969997894,Key Target,13,8977.7
HCP0301,Cardiology,Midwest,7,1599,89.75415257801386,35.03952813412245,Growth,10,5601.6
HCP0302,Neurology,Northeast,2,481,22.98433991795464,47.95469930100462,Low Priority,4,457.4
HCP0303,Neurology,Midwest,2,1683,49.61776100689381,64.60668591762759,Maintain,17,1720.9
HCP0304,Primary Care,South,9,184,68.18490181681268,100.0,Key Target,21,898.3
HCP0305,Neurology,Northeast,3,604,37.94572497183796,84.60198407427832,Maintain,6,927.8
HCP0306,Oncology,West,8,1426,89.91625265290875,77.3879432399676,Key Target,21,5975.6
HCP0307,Primary Care,Midwest,2,642,38.78701567310106,47.244240889014186,Low Priority,7,609.4
HCP0308,Endocrinology,West,3,1474,53.50797170065989,37.33600737689751,Low Priority,4,2197.8
HCP0309,Cardiology,South,3,1754,90.32655176077114,70.77815766766479,Key Target,18,2760.8
HCP0310,Neurology,Midwest,3,178,24.83892439228484,32.9867747153128,Low Priority,6,263.3
HCP0311,Oncology,Northeast,7,96,58.97614113533642,50.231272980393946,Low Priority,4,336.0
HCP0312,Endocrinology,South,10,1883,100.0,52.70444101996155,Growth,13,9557.5
HCP0313,Oncology,Midwest,10,1064,100.0,86.85824178245616,Key Target,27,5743.7
HCP0314,Oncology,Northeast,8,1037,98.88100544642332,47.90605394080645,Growth,12,3977.5
HCP0315,Oncology,West,3,954,50.2253269658889,6.215007228547691,Low Priority,3,1362.9
HCP0316,Oncology,Midwest,10,895,91.60057960976349,65.08889295324937,Key Target,17,4489.1
HCP0317,Primary Care,Northeast,6,1395,84.56033502179696,41.01956293792147,Growth,24,3975.1
HCP0318,Endocrinology,Midwest,6,1180,68.52855163186196,55.85262048875494,Key Target,18,3673.0
HCP0319,Primary Care,Midwest,8,368,84.89884210778689,53.26590598315752,Growth,17,1431.2
HCP0320,Primary Care,West,8,1271,100.0,49.52592008364464,Growth,15,5149.5
HCP0321,Neurology,South,10,1353,100.0,70.80681163569407,Key Target,28,7203.7
HCP0322,Oncology,Northeast,6,271,35.283994694021416,24.342702432945856,Low Priority,7,776.8
HCP0323,Neurology,Northeast,7,784,67.73267217072775,44.6597155009128,Growth,18,2740.6
HCP0324,Primary Care,South,8,1591,100.0,68.68075826234762,Key Target,25,6512.1
HCP0325,Primary Care,Northeast,3,1256,65.10306953378524,42.71830449311263,Growth,17,1922.0
HCP0326,Primary Care,Midwest,4,315,48.748358491937054,22.82386581460057,Low Priority,3,605.1
HCP0327,Neurology,Northeast,7,128,46.46389598206836,68.37110686513472,Maintain,13,449.9
HCP0328,Primary Care,Northeast,1,1183,39.98741845450324,77.46189260883078,Maintain,14,584.1
HCP0329,Endocrinology,West,4,950,63.87412173186344,54.10009584713988,Growth,18,1902.5
HCP0330,Primary Care,Northeast,8,1924,98.83331547534203,15.783088030609347,Growth,22,7652.4
HCP0331,Endocrinology,Northeast,10,1068,100.0,69.11939493397632,Key Target,24,5530.9
HCP0332,Primary Care,West,6,1866,96.84073918646766,21.80224237160624,Growth,18,5615.4
HCP0333,Primary Care,Northeast,4,467,41.26888332122612,61.17598553696332,Maintain,16,927.7
HCP0334,Cardiology,West,5,922,48.23270515679039,37.250723505156806,Low Priority,4,2202.7
HCP0335,Primary Care,Northeast,7,322,61.444415119410166,31.80321428466069,Growth,21,1112.5
HCP0336,Cardiology,Northeast,6,1169,74.6065565579598,46.1617996584062,Growth,16,3577.1
HCP0337,Primary Care,Northeast,1,417,17.240420763617966,51.3340488714548,Low Priority,5,193.8
HCP0338,Cardiology,South,6,1009,68.71722859659944,42.11583499227103,Growth,12,3056.5
HCP0339,Primary Care,South,5,721,54.48090277406826,66.77406556430302,Maintain,12,1754.3
HCP0340,Cardiology,Midwest,8,412,73.98234974122417,46.07861243082333,Growth,15,1603.0
HCP0341,Primary Care,Northeast,9,238,81.4896368397577,74.60381743343643,Key Target,16,1098.9
HCP0342,Primary Care,Northeast,10,1048,100.0,60.62346331286959,Key Target,18,5318.4
HCP0343,Neurology,South,7,1897,100.0,41.04885586807384,Growth,18,6580.4
HCP0344,Primary Care,Northeast,4,437,43.66383230603566,37.681202323354285,Low Priority,1,820.6
HCP0345,Primary Care,South,5,839,45.60767259283855,22.050074019051223,Low Priority,4,2095.5
HCP0346,Primary Care,South,2,487,31.991281017811662,60.814663557336445,Maintain,9,479.0
HCP0347,Endocrinology,West,10,1627,100.0,47.90824905497284,Growth,19,8327.3
HCP0348,Neurology,Midwest,9,859,93.79254821278047,7.556089438729714,Growth,13,3590.1
HCP0349,Cardiology,Northeast,9,1950,100.0,44.28570254461199,Growth,21,8755.8
HCP0350,Primary Care,Midwest,4,528,29.577475759614018,36.97931941490096,Low Priority,6,1042.3
HCP0351,Endocrinology,West,4,207,21.38432904112829,86.51355184341321,Maintain,5,402.6
HCP0352,Neurology,South,9,1185,100.0,20.94442776213381,Growth,14,5092.9
HCP0353,Neurology,South,6,1320,80.94306515897188,26.172984005318924,Growth,13,3812.0
HCP0354,Neurology,Midwest,8,1981,100.0,77.199392862114,Key Target,22,8312.9
HCP0355,Neurology,Northeast,5,1749,80.02798339862044,82.13526314927927,Key Target,21,4461.4
HCP0356,Primary Care,West,5,1774,89.66482939391945,40.10034122548717,Growth,25,4538.8
HCP0357,Primary Care,West,7,1286,95.61111074392896,42.35828354382178,Growth,19,4498.0
HCP0358,Neurology,West,9,751,94.64685835161222,67.32470793106626,Key Target,23,3742.6
HCP0359,Neurology,West,4,886,52.063372332763336,8.458004061093796,Low Priority,8,1784.3
HCP0360,Primary Care,Midwest,9,310,62.88848489908477,17.77612630988888,Growth,13,1325.8
HCP0361,Cardiology,Midwest,3,890,52.40388966429703,49.38533198298576,Low Priority,3,1303.6
HCP0362,Cardiology,Northeast,5,760,68.77382932974075,85.99781132258252,Key Target,18,1929.4
HCP0363,Cardiology,West,10,120,88.15646729587183,46.28539823666521,Growth,19,592.2
HCP0364,Primary Care,South,10,448,84.16286058105995,57.01873583470309,Key Target,17,2200.9
HCP0365,Oncology,Midwest,10,1092,100.0,77.67578545128023,Key Target,22,5636.0
HCP0366,Primary Care,West,4,770,58.134237663691565,97.13769466556292,Maintain,15,1580.9
HCP0367,Primary Care,South,9,1987,100.0,43.46303053703375,Growth,21,9135.9
HCP0368,Oncology,West,10,983,97.56612060617634,54.66326552533148,Growth,13,4906.9
HCP0369,Primary Care,West,10,1919,100.0,91.44110442685684,Key Target,17,9951.6
HCP0370,Primary Care,Northeast,1,1338,47.428176409147646,24.556014496171432,Low Priority,2,645.0
HCP0371,Endocrinology,Midwest,8,128,67.65928057150526,75.55162141107644,Key Target,23,538.9
HCP0372,Oncology,South,10,446,82.21137918358981,34.63368935277484,Growth,15,2198.5
HCP0373,Oncology,West,8,1426,100.0,57.04944734206313,Key Target,24,5830.9
HCP0374,Endocrinology,Northeast,3,1112,56.42929307052133,50.14761905199452,Low Priority,4,1651.3
HCP0375,Cardiology,Midwest,8,638,80.65370317064801,35.83976798597541,Growth,18,2604.0
HCP0376,Primary Care,South,2,1068,44.45667941743956,35.3379614468345,Low Priority,2,1018.0
HCP0377,Oncology,West,5,1810,83.18035278651416,60.52828728507509,Key Target,24,4645.5
HCP0378,Oncology,Northeast,7,807,88.00123148572847,74.91078656325364,Key Target,26,2967.3
HCP0379,Primary Care,South,5,137,36.219462530298586,52.405275936229934,Low Priority,3,335.8
HCP0380,Neurology,Midwest,7,656,67.70143389788977,56.40226317466433,Key Target,23,2370.1
HCP0381,Primary Care,Northeast,3,1874,70.9378841082202,66.42348132582094,Key Target,27,2934.5
HCP0382,Primary Care,South,7,1535,100.0,35.567624539740805,Growth,16,5283.1
HCP0383,Neurology,Midwest,7,1683,86.0960146392437,69.79385016825846,Key Target,22,6164.1
HCP0384,Oncology,South,7,1827,91.19262600187648,71.38686194119494,Key Target,23,6542.2
HCP0385,Primary Care,Midwest,3,279,14.67317193812226,100.0,Maintain,9,425.1
HCP0386,Primary Care,West,4,601,47.28656180202616,47.47791618880835,Low Priority,7,1149.5
HCP0387,Primary Care,Northeast,3,166,19.20355346234765,45.838363966637445,Low Priority,2,238.2
HCP0388,Cardiology,West,5,59,38.39859911985667,70.3793174314749,Maintain,8,143.8
HCP0389,Primary Care,Northeast,6,1677,95.21602551913368,71.38208337824277,Key Target,21,5011.4
HCP0390,Primary Care,South,4,1877,73.79265823373723,44.29825693246576,Growth,18,3811.8
HCP0391,Cardiology,Midwest,5,353,50.67525618194692,46.93674646139903,Low Priority,7,868.8
HCP0392,Neurology,Midwest,3,1458,58.05529673798623,65.82261676436082,Maintain,7,2113.8
HCP0393,Primary Care,Northeast,3,1093,56.701914520771496,38.44831518530677,Low Priority,2,1576.7
HCP0394,Cardiology,South,7,184,64.40102453878407,46.789320239699705,Growth,10,630.6
HCP0395,Neurology,Northeast,9,1835,100.0,56.791855347368696,Key Target,19,8477.5
HCP0396,Primary Care,South,3,1748,66.35078597279639,74.91877369644516,Key Target,25,2878.9
HCP0397,Endocrinology,South,9,1156,100.0,42.90802767640918,Growth,15,5164.1
HCP0398,Neurology,West,6,1430,86.89701496203277,18.15231075938656,Growth,18,4076.6
HCP0399,Oncology,South,2,824,25.42430353799095,16.66805064963578,Low Priority,5,783.9
HCP0400,Oncology,Midwest,4,1596,77.14494448937107,29.81173866587733,Growth,24,3258.9
HCP0401,Primary Care,South,1,917,22.24811502051009,28.736645636001256,Low Priority,4,435.3
HCP0402,Primary Care,West,1,1978,68.75010455968805,51.907784827601816,Growth,12,974.5
HCP0403,Cardiology,Midwest,4,173,44.5177907187282,31.2223969280479,Low Priority,3,326.9
HCP0404,Primary Care,Northeast,5,385,51.944083807347205,40.94490080357592,Low Priority,5,945.5
HCP0405,Primary Care,West,8,1939,100.0,39.518282300359004,Growth,18,7933.0
HCP0406,Endocrinology,Northeast,2,613,29.65274195178064,46.189842783040135,Low Priority,4,597.9
HCP0407,Primary Care,South,9,655,93.80319161120022,81.45008663046245,Key Target,27,2895.4
HCP0408,Cardiology,Northeast,3,1592,60.8337746443035,68.23895178861034,Key Target,20,2331.5
HCP0409,Primary Care,Northeast,2,419,28.359558965119152,55.32258830552008,Maintain,10,396.7
HCP0410,Primary Care,West,7,1051,89.25047493215561,45.77947438838324,Growth,16,3547.0
HCP0411,Primary Care,Northeast,8,607,74.68054765179528,46.33534686753958,Growth,17,2408.2
HCP0412,Cardiology,South,7,435,61.945458080074445,61.55492939903899,Key Target,23,1501.4
HCP0413,Primary Care,South,2,1930,54.69507615420433,66.6833814670458,Maintain,10,2021.0
HCP0414,Cardiology,Northeast,2,439,18.459218030990623,36.84764987798799,Low Priority,7,413.0
HCP0415,Endocrinology,Northeast,4,233,23.197837508467984,55.72961511228463,Maintain,8,461.7
HCP0416,Cardiology,West,5,1364,79.93863031212423,14.36760862673946,Growth,18,3426.0
HCP0417,Primary Care,South,10,1741,100.0,59.23427568341194,Key Target,15,8730.6
HCP0418,Endocrinology,Northeast,3,298,42.85263154776244,70.24298483917372,Maintain,8,457.3
HCP0419,Primary Care,West,2,1430,38.74132409098787,49.39862746238249,Low Priority,1,1396.3
HCP0420,Primary Care,Midwest,10,1104,100.0,91.3305399228021,Key Target,22,5685.4
HCP0421,Cardiology,Northeast,2,1668,69.07685079938845,37.37523105127899,Growth,20,1648.9
HCP0422,Cardiology,West,1,297,11.770520154090688,59.34880830606522,Maintain,13,151.0
HCP0423,Cardiology,Northeast,5,1953,89.6365794452004,54.28350506668089,Growth,15,4832.8
HCP0424,Primary Care,South,5,1257,55.36185559356264,52.99404665113183,Low Priority,2,3094.5
HCP0425,Primary Care,West,7,1692,100.0,52.71355663990505,Growth,22,6195.2
HCP0426,Endocrinology,South,9,755,82.36652216452227,57.14210060018944,Key Target,19,3555.7
HCP0427,Primary Care,South,10,1889,100.0,71.959174869274,Key Target,18,9114.5
HCP0428,Cardiology,Midwest,3,1271,43.28537662248896,82.55472472549488,Maintain,7,1927.6
HCP0429,Primary Care,Northeast,10,297,91.76786579582075,54.95499510991685,Growth,16,1515.3
HCP0430,Primary Care,South,7,1849,100.0,71.30632144343267,Key Target,22,6679.9
HCP0431,Primary Care,West,1,1601,41.75956110627866,40.96466107466435,Low Priority,1,770.5
HCP0432,Primary Care,Northeast,10,635,86.77961934871652,70.31910905452466,Key Target,20,3298.3
HCP0433,Primary Care,West,2,1114,26.601815659600152,39.76016952346019,Low Priority,3,1077.4
HCP0434,Cardiology,Midwest,6,806,66.01869172739859,76.81319872176265,Key Target,25,2581.9
HCP0435,Endocrinology,South,8,1109,87.07224852574716,99.2128175478648,Key Target,22,4781.6
HCP0436,Cardiology,Northeast,3,1932,59.89184470121556,52.55832224057217,Low Priority,2,2759.0
HCP0437,Neurology,South,3,1802,72.67415005049737,11.149130183851824,Growth,20,2713.1
HCP0438,Primary Care,Northeast,5,470,48.15023694508281,44.03854133510354,Low Priority,5,1200.0
HCP0439,Primary Care,Midwest,9,1945,100.0,79.63750268578607,Key Target,20,9032.2
HCP0440,Primary Care,South,3,903,42.13842075487643,66.0615357405049,Maintain,7,1320.2
HCP0441,Endocrinology,Northeast,7,1424,100.0,59.97827197350059,Key Target,21,5127.9
HCP0442,Primary Care,Midwest,5,1540,83.32349555004178,75.17336711909678,Key Target,20,3992.3
HCP0443,Endocrinology,South,2,991,39.73479150801208,64.68906878496844,Maintain,8,975.1
HCP0444,Endocrinology,Northeast,8,940,92.45284014771882,79.35450374902273,Key Target,12,3639.0
HCP0445,Primary Care,Midwest,9,939,86.18770434890608,73.38847353293971,Key Target,23,4485.4
HCP0446,Primary Care,Midwest,6,1731,91.53396080581624,85.43400905473918,Key Target,17,5422.5
HCP0447,Primary Care,South,2,803,37.25357864389176,62.175921678125086,Maintain,12,820.0
HCP0448,Cardiology,West,2,595,27.116307932010184,73.10518802987909,Maintain,8,605.3
HCP0449,Primary Care,West,5,755,62.358666687659344,48.85745853828429,Growth,16,1843.1
HCP0450,Cardiology,Northeast,6,430,52.50653236284439,42.970783768819885,Low Priority,10,1268.9
HCP0451,Primary Care,Northeast,6,813,72.40356566220895,89.13535280837947,Key Target,16,2448.0
HCP0452,Primary Care,Northeast,3,272,35.214870172250336,59.32409352645376,Maintain,9,398.3
HCP0453,Endocrinology,South,6,225,30.28772095442347,71.09761131724758,Maintain,15,669.8
HCP0454,Cardiology,Northeast,3,1461,70.04744562808094,57.47480028822781,Key Target,19,2142.7
HCP0455,Endocrinology,Northeast,7,201,36.643939477177966,43.26968698160072,Low Priority,3,694.1
HCP0456,Primary Care,West,8,1158,88.021607795551,55.21965785164802,Key Target,19,4617.9
HCP0457,Neurology,West,7,1570,100.0,83.71988035535429,Key Target,23,5967.0
HCP0458,Primary Care,West,1,1462,42.01170619798047,66.10480148558848,Maintain,7,729.8
HCP0459,Primary Care,Midwest,10,919,91.24551214024366,20.77053680539082,Growth,11,4365.0
HCP0460,Neurology,South,1,427,9.925103506266636,50.6951108684769,Low Priority,4,211.4
HCP0461,Cardiology,South,10,1864,100.0,90.64587585409424,Key Target,21,9435.5
HCP0462,Primary Care,Northeast,1,1678,34.577963755610895,50.72406276300088,Low Priority,4,778.4
HCP0463,Oncology,South,6,1243,88.10692880769614,18.990426165316386,Growth,10,3455.1
HCP0464,Neurology,South,2,219,21.034183207661687,92.86097770845087,Maintain,7,221.7
HCP0465,Primary Care,Midwest,1,118,1.4108373564605312,68.64785019625586,Maintain,7,60.3
HCP0466,Primary Care,West,7,664,67.93507942157846,53.599742823744,Growth,18,2387.2
HCP0467,Primary Care,South,8,357,64.78720527118686,47.57164527835863,Growth,18,1383.4
HCP0468,Cardiology,South,2,1727,66.10480160686822,76.64703859583472,Key Target,28,1910.4
HCP0469,Neurology,South,10,451,97.1344224781027,44.16033199547615,Growth,18,2205.7
HCP0470,Oncology,West,4,601,33.271710928991624,77.96512849031977,Maintain,8,1212.6
HCP0471,Neurology,South,4,1952,77.57126305184532,65.84390571448512,Key Target,23,4235.4
HCP0472,Cardiology,Midwest,3,1645,58.219514701245785,59.893638509747,Maintain,9,2295.4
HCP0473,Cardiology,West,5,476,62.24807974767496,57.910296106711904,Key Target,22,1224.5
HCP0474,Endocrinology,South,2,797,25.12420705498863,51.50063926571644,Low Priority,6,801.1
HCP0475,Oncology,West,5,1055,79.20883283748012,75.91280240418531,Key Target,21,2639.4
HCP0476,Oncology,Northeast,3,1345,57.3586420838645,37.69314335796332,Low Priority,4,2014.2
HCP0477,Primary Care,Midwest,1,1875,45.5795247489593,22.561497463395817,Low Priority,6,933.6
HCP0478,Primary Care,West,4,1748,70.28180652792578,67.2888024578495,Key Target,20,3737.4
HCP0479,Oncology,South,7,1955,98.4620492738524,67.62476656134295,Key Target,18,7016.9
HCP0480,Oncology,West,8,129,57.02805278387595,64.60482305023534,Maintain,10,509.2
HCP0481,Endocrinology,Northeast,4,510,45.50861487784301,63.154567392360775,Maintain,8,1027.2
HCP0482,Neurology,Northeast,4,1147,50.85167559446525,48.589192433249046,Low Priority,4,2177.0
HCP0483,Oncology,West,8,145,50.18207033009449,70.74965408771051,Maintain,9,570.8
HCP0484,Cardiology,Midwest,7,742,71.51258823321461,54.08883746490918,Growth,12,2507.0
HCP0485,Oncology,South,9,349,66.30215042865693,45.25772878369644,Growth,17,1595.4
HCP0486,Neurology,Midwest,10,1869,100.0,48.762173754892,Growth,16,9026.8
HCP0487,Endocrinology,Midwest,9,173,69.05217689117316,95.41279397551664,Key Target,16,810.2
HCP0488,Neurology,West,10,339,81.50527142379349,20.300478359091343,Growth,19,1655.1
HCP0489,Neurology,Northeast,5,430,66.75770481272123,64.99576208591597,Key Target,24,1102.0
HCP0490,Primary Care,West,4,339,40.92629253735657,21.41779144752566,Low Priority,2,658.6
HCP0491,Primary Care,West,4,1158,62.91296807196266,52.83533323354054,Growth,18,2321.4
HCP0492,Primary Care,South,3,760,28.788813629261643,46.32745029691625,Low Priority,2,1108.0
HCP0493,Oncology,Midwest,8,1829,100.0,13.29943406640244,Growth,14,7062.2
HCP0494,Primary Care,Northeast,8,558,79.6724210395321,62.78075180867526,Key Target,26,2343.2
HCP0495,Neurology,South,9,1097,91.22876869669597,47.39923875615608,Growth,11,4887.2
HCP0496,Oncology,Midwest,2,1337,56.68950274814388,13.01587314877512,Low Priority,6,1295.1
HCP0497,Primary Care,Northeast,5,1270,62.12842731279176,71.79136181548505,Key Target,24,3334.2
HCP0498,Oncology,Midwest,3,1602,61.7590709130786,83.7001235597787,Key Target,19,2452.9
HCP0499,Neurology,West,9,443,78.38658688019554,84.80248684593144,Key Target,13,2006.5
HCP0500,Primary Care,Midwest,3,1039,51.28956527505533,62.17912881302942,Maintain,3,1542.5
HCP0501,Primary Care,Northeast,2,1611,51.15107942515659,55.92116277154231,Maintain,10,1589.4
HCP0502,Primary Care,South,6,1732,89.1328509834325,81.56313241791594,Key Target,27,5407.3
HCP0503,Neurology,Northeast,9,1254,100.0,88.64767170680196,Key Target,17,5937.7
HCP0504,Neurology,West,10,1321,100.0,77.6713740575125,Key Target,23,6836.4
HCP0505,Primary Care,West,1,1735,55.2557509479769,36.169247955403975,Low Priority,2,807.6
HCP0506,Oncology,West,4,1268,65.60710699869941,59.02689706429844,Key Target,16,2483.5
HCP0507,Primary Care,West,2,1900,62.791088437974665,63.79032288582857,Key Target,24,1901.4
HCP0508,Neurology,Northeast,4,298,36.00633333230434,18.80766062165541,Low Priority,2,592.2
HCP0509,Cardiology,Northeast,6,728,72.57235224415997,64.38721319241549,Key Target,27,2246.8
HCP0510,Cardiology,Midwest,3,268,28.813326049486548,100.0,Maintain,12,405.3
HCP0511,Primary Care,Midwest,1,226,11.196421697392502,67.79872331601582,Maintain,13,109.9
HCP0512,Cardiology,West,6,970,73.087520239105,84.46826162883512,Key Target,21,3070.4
HCP0513,Endocrinology,South,1,490,33.822693463766804,58.6582946025741,Maintain,8,236.6
HCP0514,Oncology,South,3,843,34.35215033583037,53.53563352032357,Low Priority,6,1211.7
HCP0515,Endocrinology,West,1,903,36.73385514444284,62.62542780161951,Maintain,11,440.2
HCP0516,Oncology,South,1,1260,24.35463071009516,38.68346704031135,Low Priority,5,626.5
HCP0517,Primary Care,Midwest,5,1894,89.08818526582898,35.72449625531223,Growth,20,4717.4
HCP0518,Cardiology,Midwest,9,1706,100.0,80.32609114338732,Key Target,19,8290.0
HCP0519,Primary Care,South,8,787,87.58434819573846,82.44684685733037,Key Target,21,3214.0
HCP0520,Primary Care,Northeast,1,684,26.465000628318343,35.17787368825299,Low Priority,1,318.8
HCP0521,Oncology,South,1,1553,42.3414042495754,74.35997609107729,Maintain,15,798.6
HCP0522,Endocrinology,South,4,291,39.52337760390843,53.26080048787958,Low Priority,5,556.5
HCP0523,Primary Care,South,7,1103,81.55849747677316,61.79617148980861,Key Target,28,4057.7
HCP0524,Cardiology,South,8,874,79.56218713654916,64.20437278870126,Key Target,27,3565.4
HCP0525,Oncology,West,9,406,79.83099507620105,74.88700936248637,Key Target,17,1789.0
HCP0526,Primary Care,West,4,1252,64.88704928501151,56.654364037263775,Key Target,20,2505.1
HCP0527,Primary Care,South,2,675,26.73726345175488,83.20323990603872,Maintain,7,632.8
HCP0528,Primary Care,Midwest,1,411,11.824745434522526,61.1882567951985,Maintain,7,194.3
HCP0529,Oncology,Northeast,2,1323,38.193052499262606,67.48368544939065,Maintain,10,1269.9
HCP0530,Primary Care,West,1,389,20.85080020871117,38.33474816925507,Low Priority,1,186.3
HCP0531,Primary Care,West,9,1362,100.0,98.17318021409667,Key Target,19,6055.0
HCP0532,Oncology,South,3,366,35.00328355389214,64.39649846409932,Maintain,11,565.9
HCP0533,Primary Care,West,9,897,100.0,69.25994850690199,Key Target,13,4140.8
HCP0534,Cardiology,West,6,1625,89.32794109664582,22.836283775769168,Growth,16,4853.2
HCP0535,Endocrinology,West,6,495,63.51108749892605,38.545959538417975,Growth,14,1466.9
HCP0536,Neurology,South,5,1546,81.0806994051005,79.75767375837461,Key Target,23,4131.9
HCP0537,Endocrinology,Northeast,9,1457,100.0,60.7378223658521,Key Target,24,6778.1
HCP0538,Endocrinology,Northeast,1,1810,49.00342537496282,16.724405303421477,Low Priority,7,844.8
HCP0539,Primary Care,Northeast,1,379,35.18822092633529,75.76579857967639,Maintain,9,192.8
HCP0540,Primary Care,Midwest,5,1444,72.48439216117193,44.124343912945534,Growth,13,3459.6
HCP0541,Neurology,South,4,1876,73.57297831103651,83.22633971753424,Key Target,18,3920.8
HCP0542,Primary Care,Midwest,6,1537,89.89707858760086,53.24328642792601,Growth,22,4652.7
HCP0543,Primary Care,Northeast,8,416,76.41483532236005,59.0941337204106,Key Target,15,1662.7
HCP0544,Cardiology,Northeast,6,1653,78.08666761911738,78.57909157183298,Key Target,18,5162.8
HCP0545,Oncology,West,3,259,39.45642603650991,37.05014058290675,Low Priority,2,361.3
HCP0546,Oncology,West,4,1198,61.196443397193335,35.14306384332121,Growth,21,2495.4
HCP0547,Cardiology,Midwest,8,1020,80.61255123827424,51.07003159203785,Growth,21,4219.3
HCP0548,Primary Care,West,3,1085,60.63527291483099,71.54345599242444,Key Target,24,1676.4
HCP0549,Oncology,South,6,1063,79.58040457276924,28.38245494773019,Growth,12,3047.7
HCP0550,Neurology,West,6,111,40.65866406441668,21.639308002218065,Low Priority,4,322.2
HCP0551,Endocrinology,West,8,1040,100.0,71.47441854087585,Key Target,22,4556.0
HCP0552,Endocrinology,South,8,1876,100.0,42.94043374865993,Growth,9,7188.1
HCP0553,Primary Care,Midwest,5,901,62.44343107499963,47.15547974159434,Growth,20,2278.7
HCP0554,Cardiology,South,4,589,59.44675044497424,17.863791961196682,Low Priority,4,1106.8
HCP0555,Endocrinology,Midwest,4,1989,82.99938227063711,41.420413712960354,Growth,19,3926.4
HCP0556,Endocrinology,Midwest,5,243,45.85033539916775,54.84865406737698,Low Priority,2,594.9
HCP0557,Neurology,South,3,998,43.66759907182409,73.60755715245784,Maintain,7,1465.2
HCP0558,Neurology,South,7,1049,86.87980351445663,39.575396675307225,Growth,20,3808.2
HCP0559,Neurology,South,3,981,52.33782373859184,88.14752240464993,Maintain,3,1435.4
HCP0560,Cardiology,Midwest,7,1847,100.0,41.30887951640399,Growth,14,6517.3
HCP0561,Endocrinology,Midwest,8,872,79.48010916905918,41.338163968296506,Growth,12,3343.6
HCP0562,Primary Care,Northeast,10,1947,100.0,85.74715103795604,Key Target,21,9965.3
HCP0563,Primary Care,South,2,180,19.941609713902896,59.22920304727835,Maintain,14,181.1
HCP0564,Primary Care,South,8,1481,90.3572054501264,43.95950541976847,Growth,12,5909.6
HCP0565,Primary Care,West,1,1206,26.37550118940652,51.89733737638813,Low Priority,2,589.5
HCP0566,Primary Care,South,4,519,49.49622703047816,82.06147155084119,Maintain,14,1130.5
HCP0567,Cardiology,Midwest,2,494,7.53489347958649,84.32405639251364,Maintain,6,481.7
HCP0568,Oncology,Northeast,2,1453,53.96828421569008,38.66413641459488,Low Priority,1,1356.8
HCP0569,Neurology,Northeast,2,1293,44.500335537969406,54.15132379841784,Low Priority,5,1230.5
HCP0570,Oncology,Midwest,1,1241,49.49097285503928,56.80313655335146,Maintain,9,619.9
HCP0571,Primary Care,Midwest,9,149,71.77725432676898,35.27519778966805,Growth,16,646.5
HCP0572,Neurology,Midwest,1,1215,43.65087371401517,53.886298947000114,Low Priority,4,594.2
HCP0573,Primary Care,Midwest,4,1963,77.89968927009767,55.10645720903401,Key Target,20,4090.7
HCP0574,Primary Care,West,7,83,58.98498522788915,77.80418957873471,Maintain,13,290.4
HCP0575,Neurology,Northeast,10,964,100.0,79.14850056622402,Key Target,28,5051.6
HCP0576,Primary Care,Midwest,9,1014,93.64955426940335,48.41581203281984,Growth,12,4551.0
HCP0577,Neurology,Northeast,2,1798,68.92243907598723,50.720937122783766,Growth,12,1824.2
HCP0578,Primary Care,Midwest,10,601,87.07541698314814,68.2858460411127,Key Target,27,3094.5
HCP0579,Oncology,South,7,977,82.78174274046702,43.29623102145977,Growth,18,3525.2
HCP0580,Neurology,Northeast,2,1448,59.581117782302826,66.77280303474805,Maintain,13,1400.4
HCP0581,Neurology,Midwest,5,167,49.455299934322674,53.241870252615705,Low Priority,7,417.6
HCP0582,Cardiology,Northeast,10,1612,100.0,35.61202844522759,Growth,15,7963.9
HCP0583,Oncology,West,4,1653,67.21748546151471,35.863265742407066,Growth,13,3367.7
HCP0584,Primary Care,South,2,1453,41.2918059892113,83.94117392062205,Maintain,10,1489.2
HCP0585,Primary Care,Northeast,9,1313,96.87031913203904,51.87157041713403,Growth,19,5902.6
HCP0586,Endocrinology,Northeast,10,1507,100.0,87.80708187796623,Key Target,13,7629.0
HCP0587,Oncology,Northeast,10,1574,100.0,44.7272747857018,Growth,19,8043.7
HCP0588,Endocrinology,Midwest,10,1811,100.0,60.82410402262987,Key Target,22,9147.8
HCP0589,Cardiology,West,9,884,85.11634360714295,100.0,Key Target,24,4334.2
HCP0590,Primary Care,South,5,939,69.60993834663249,33.852265106734414,Growth,13,2321.6
HCP0591,Oncology,West,2,1293,38.52736177879568,17.043710002004467,Low Priority,2,1246.5
HCP0592,Oncology,Midwest,7,426,75.92159665901521,80.73180262574466,Key Target,18,1509.1
HCP0593,Neurology,Midwest,3,1719,89.83450738511891,38.46381789213853,Growth,18,2631.6
HCP0594,Cardiology,Midwest,5,1552,81.7316091725724,54.585872717875326,Growth,16,3690.7
HCP0595,Endocrinology,Northeast,7,1280,92.66486508526197,43.2816357909683,Growth,20,4378.8
HCP0596,Primary Care,West,10,638,92.00712184883552,60.363255619106326,Key Target,15,3210.7
HCP0597,Primary Care,Northeast,3,727,27.693293431305467,35.98927585628516,Low Priority,7,1061.5
HCP0598,Primary Care,Midwest,3,898,41.628245095758224,51.40119824233388,Low Priority,3,1312.4
HCP0599,Primary Care,South,8,1341,88.78183807121002,63.996306531130685,Key Target,15,5451.2
