hcp_id,segment,kmeans_segment,potential_score,receptivity_score,expected_lift_per_call,optimized_calls_per_month
HCP0531,Key Target,Key Target,100.0,98.17318021409667,98.17318021409669,13.4
HCP0168,Key Target,Growth,94.72549721513872,98.71727532835251,93.51042989201939,12.79
HCP0369,Key Target,Key Target,100.0,91.44110442685684,91.44110442685684,12.51
HCP0420,Key Target,Growth,100.0,91.3305399228021,91.3305399228021,12.5
HCP0461,Key Target,Key Target,100.0,90.64587585409424,90.64587585409424,12.41
HCP0503,Key Target,Key Target,100.0,88.64767170680196,88.64767170680196,12.15
HCP0586,Key Target,Key Target,100.0,87.80708187796623,87.80708187796623,12.04
HCP0313,Key Target,Growth,100.0,86.85824178245616,86.85824178245618,11.91
HCP0435,Key Target,Growth,87.07224852574716,99.2128175478648,86.38683106467293,11.85
HCP0300,Key Target,Key Target,100.0,86.39996969997894,86.39996969997894,11.85
HCP0562,Key Target,Key Target,100.0,85.74715103795604,85.74715103795604,11.77
HCP0589,Key Target,Growth,85.11634360714295,100.0,85.11634360714295,11.68
HCP0267,Key Target,Key Target,100.0,84.39874461882462,84.39874461882462,11.59
HCP0457,Key Target,Key Target,100.0,83.71988035535429,83.71988035535429,11.5
HCP0227,Key Target,Growth,83.458580486815,100.0,83.458580486815,11.47
HCP0248,Key Target,Key Target,100.0,80.82058110368271,80.82058110368271,11.12
HCP0518,Key Target,Key Target,100.0,80.32609114338732,80.32609114338732,11.05
HCP0439,Key Target,Key Target,100.0,79.63750268578607,79.63750268578607,10.96
HCP0575,Key Target,Growth,100.0,79.14850056622402,79.14850056622402,10.9
HCP0446,Key Target,Key Target,91.53396080581624,85.43400905473918,78.20113236300246,10.77
HCP0504,Key Target,Key Target,100.0,77.6713740575125,77.6713740575125,10.71
HCP0365,Key Target,Growth,100.0,77.67578545128023,77.67578545128023,10.71
HCP0102,Key Target,Key Target,95.4173991403554,81.02316697304062,77.31019862682278,10.66
HCP0276,Key Target,Maintain,77.20332561959107,100.0,77.20332561959107,10.64
HCP0354,Key Target,Key Target,100.0,77.199392862114,77.199392862114,10.64
HCP0407,Key Target,Growth,93.80319161120022,81.45008663046245,76.40278082946126,10.54
HCP0183,Key Target,Key Target,100.0,73.85187241799585,73.85187241799585,10.2
HCP0444,Key Target,Growth,92.45284014771882,79.35450374902273,73.36549250109951,10.14
HCP0213,Key Target,Key Target,100.0,73.1678659453461,73.1678659453461,10.11
HCP0502,Key Target,Key Target,89.1328509834325,81.56313241791594,72.69954527548074,10.05
HCP0189,Key Target,Growth,92.54689151083468,78.31344179767638,72.47665601889622,10.02
HCP0036,Key Target,Key Target,100.0,72.41645540733278,72.41645540733278,10.01
HCP0519,Key Target,Growth,87.58434819573846,82.44684685733037,72.21053342793148,9.99
HCP0427,Key Target,Key Target,100.0,71.959174869274,71.959174869274,9.95
HCP0551,Key Target,Key Target,100.0,71.47441854087585,71.47441854087585,9.89
HCP0252,Key Target,Maintain,86.55292575515978,82.37569263807126,71.29857208932843,9.87
HCP0430,Key Target,Key Target,100.0,71.30632144343267,71.30632144343267,9.87
HCP0321,Key Target,Key Target,100.0,70.80681163569407,70.80681163569407,9.8
HCP0150,Key Target,Key Target,100.0,70.80786953932345,70.80786953932345,9.8
HCP0258,Key Target,Maintain,70.85032924886967,99.68772492395364,70.62908132932867,9.78
HCP0025,Key Target,Key Target,100.0,70.54145917981796,70.54145917981796,9.77
HCP0306,Key Target,Key Target,89.91625265290875,77.3879432399676,69.58433856653888,9.64
HCP0533,Key Target,Growth,100.0,69.25994850690199,69.25994850690199,9.6
HCP0331,Key Target,Key Target,100.0,69.11939493397632,69.11939493397632,9.58
HCP0226,Key Target,Key Target,100.0,68.94976623842,68.94976623842,9.56
HCP0324,Key Target,Key Target,100.0,68.68075826234762,68.68075826234762,9.52
HCP0304,Key Target,Growth,68.18490181681268,100.0,68.18490181681268,9.46
HCP0290,Key Target,Key Target,100.0,68.03081241287919,68.03081241287919,9.44
HCP0389,Key Target,Key Target,95.21602551913368,71.38208337824277,67.96718272551692,9.43
HCP0031,Key Target,Key Target,100.0,67.588080122044,67.588080122044,9.38
HCP0024,Key Target,Growth,88.44587624222828,75.44814450720943,66.730772517904,9.27
HCP0479,Key Target,Key Target,98.4620492738524,67.62476656134295,66.58473097295716,9.25
HCP0499,Key Target,Growth,78.38658688019554,84.80248684593144,66.47377502805244,9.23
HCP0269,Key Target,Maintain,88.50018585871679,74.99348039743978,66.36936953365455,9.22
HCP0129,Key Target,Key Target,100.0,65.97965748153821,65.97965748153821,9.17
HCP0378,Key Target,Growth,88.00123148572847,74.91078656325364,65.92241469130882,9.16
HCP0487,Key Target,Growth,69.05217689117316,95.41279397551664,65.88461127278435,9.16
HCP0355,Key Target,Maintain,80.02798339862044,82.13526314927927,65.73119475751842,9.14
HCP0217,Key Target,Growth,70.71620030394241,92.72378317112162,65.57073623668362,9.12
HCP0384,Key Target,Key Target,91.19262600187648,71.38686194119494,65.0995540245098,9.05
HCP0536,Key Target,Maintain,81.0806994051005,79.75767375837461,64.66807971252844,9.0
HCP0170,Key Target,Key Target,100.0,64.7016353412826,64.7016353412826,9.0
HCP0451,Key Target,Growth,72.40356566220895,89.13535280837947,64.53717369885663,8.98
HCP0204,Key Target,Key Target,100.0,64.55221459513541,64.55221459513541,8.98
HCP0280,Key Target,Growth,75.84093455146545,84.58924287704386,64.15327232795899,8.93
HCP0254,Key Target,Key Target,98.62352918889472,64.92241416177572,64.028776080974,8.91
HCP0309,Key Target,Maintain,90.32655176077114,70.77815766766479,63.93146922100343,8.9
HCP0147,Key Target,Key Target,100.0,63.75311347068613,63.75311347068613,8.88
HCP0358,Key Target,Growth,94.64685835161222,67.32470793106626,63.72072095115293,8.87
HCP0260,Key Target,Growth,100.0,63.38929785706497,63.38929785706497,8.83
HCP0445,Key Target,Growth,86.18770434890608,73.38847353293971,63.251840594745275,8.81
HCP0021,Key Target,Key Target,100.0,62.74117458791488,62.74117458791488,8.74
HCP0120,Key Target,Maintain,64.34197604230116,97.42286805267337,62.68379842217376,8.74
HCP0442,Key Target,Maintain,83.32349555004178,75.17336711909678,62.63707720629718,8.73
HCP0236,Key Target,Growth,61.87385468113537,100.0,61.87385468113537,8.63
HCP0512,Key Target,Growth,73.087520239105,84.46826162883512,61.735757813595036,8.61
HCP0029,Key Target,Growth,95.8549277062906,64.35639565819314,61.688776532535364,8.61
HCP0069,Key Target,Growth,80.61325264393807,76.36924134488596,61.56372946761173,8.59
HCP0297,Key Target,Growth,100.0,61.47980512544289,61.47980512544289,8.58
HCP0544,Key Target,Maintain,78.08666761911738,78.57909157183298,61.359794053819094,8.56
HCP0592,Key Target,Growth,75.92159665901521,80.73180262574466,61.29287356507011,8.55
HCP0541,Key Target,Maintain,73.57297831103651,83.22633971753424,61.232096869451034,8.55
HCP0246,Key Target,Maintain,65.29749361305126,93.7076236705822,61.188729581240516,8.54
HCP0432,Key Target,Growth,86.77961934871652,70.31910905452466,61.022655166925354,8.52
HCP0341,Key Target,Growth,81.4896368397577,74.60381743343643,60.794379895103184,8.49
HCP0261,Key Target,Maintain,75.84351069505277,80.15557901738886,60.79280514473479,8.49
HCP0588,Key Target,Key Target,100.0,60.82410402262987,60.824104022629875,8.49
HCP0537,Key Target,Key Target,100.0,60.7378223658521,60.7378223658521,8.48
HCP0043,Key Target,Growth,86.21731956493274,70.43748584739657,60.72931226655417,8.48
HCP0342,Key Target,Key Target,100.0,60.62346331286959,60.62346331286959,8.469999999999999
HCP0223,Key Target,Key Target,100.0,60.53917350438731,60.53917350438731,8.45
HCP0198,Key Target,Maintain,78.46437172668365,76.6917278292769,60.175682407580325,8.41
HCP0383,Key Target,Key Target,86.0960146392437,69.79385016825846,60.089723458155625,8.4
HCP0475,Key Target,Maintain,79.20883283748012,75.91280240418531,60.12964475857773,8.4
HCP0441,Key Target,Key Target,100.0,59.97827197350059,59.97827197350059,8.379999999999999
HCP0197,Key Target,Key Target,100.0,59.93366299221488,59.93366299221488,8.370000000000001
HCP0525,Key Target,Growth,79.83099507620105,74.88700936248637,59.783044756880706,8.35
HCP0316,Key Target,Growth,91.60057960976349,65.08889295324937,59.62180320675492,8.33
HCP0578,Key Target,Growth,87.07541698314814,68.2858460411127,59.46018518076945,8.309999999999999
HCP0194,Key Target,Growth,78.2584286402839,75.67572335877799,59.22263196274792,8.280000000000001
HCP0417,Key Target,Key Target,100.0,59.23427568341194,59.23427568341194,8.280000000000001
HCP0362,Key Target,Growth,68.77382932974075,85.99781132258252,59.14398798630536,8.27
HCP0277,Key Target,Maintain,82.53355590768577,71.69051094738116,59.16872793326241,8.27
HCP0234,Key Target,Growth,75.30752023457558,78.29888890376256,58.96495160464884,8.25
HCP0023,Key Target,Key Target,100.0,58.168961009994696,58.1689610099947,8.14
HCP0228,Key Target,Maintain,78.16883598284959,74.42012671918377,58.173346793347584,8.14
HCP0296,Key Target,Growth,100.0,58.00162260690048,58.00162260690048,8.120000000000001
HCP0230,Key Target,Key Target,90.57150929425153,63.933230305578064,57.90529162833187,8.11
HCP0235,Key Target,Growth,77.80669612543642,73.5548479910241,57.2305970619028,8.02
HCP0057,Key Target,Key Target,100.0,57.150683601072686,57.150683601072686,8.01
HCP0373,Key Target,Key Target,100.0,57.04944734206313,57.04944734206313,8.0
HCP0165,Key Target,Growth,95.33141830731344,59.68596720753796,56.89947906938394,7.98
HCP0160,Key Target,Key Target,100.0,56.85358892058007,56.853588920580066,7.97
HCP0599,Key Target,Key Target,88.78183807121002,63.996306531130685,56.81709723602365,7.97
HCP0142,Key Target,Key Target,100.0,56.81600047220096,56.816000472200955,7.96
HCP0395,Key Target,Key Target,100.0,56.791855347368696,56.79185534736869,7.96
HCP0167,Key Target,Maintain,84.82361838332818,66.58563942641865,56.48034868516427,7.92
HCP0366,Maintain,Maintain,58.134237663691565,97.13769466556292,56.47025827790939,7.92
HCP0001,Key Target,Maintain,63.0531115878582,89.44719883991299,56.399242096743734,7.91
HCP0210,Key Target,Maintain,87.83543677839413,63.32736296277911,55.62386585859603,7.81
HCP0596,Key Target,Growth,92.00712184883552,60.363255619106326,55.53849414939521,7.8
HCP0083,Key Target,Growth,88.01033475199861,62.88475298884062,55.345081613446084,7.77
HCP0263,Key Target,Key Target,100.0,55.23432835438731,55.23432835438731,7.76
HCP0156,Key Target,Key Target,100.0,55.2255539323732,55.2255539323732,7.76
HCP0253,Key Target,Growth,98.5196527221688,56.11878700264801,55.288034066902426,7.76
HCP0292,Growth,Key Target,100.0,54.25501494895746,54.25501494895746,7.63
HCP0144,Key Target,Maintain,70.00115646675305,76.61712409901742,53.632872920879535,7.55
HCP0368,Growth,Key Target,97.56612060617634,54.66326552533148,53.33282756971933,7.51
HCP0151,Key Target,Growth,70.88100700012414,74.59170682311947,52.87135293480738,7.45
HCP0425,Growth,Key Target,100.0,52.71355663990505,52.71355663990506,7.43
HCP0312,Growth,Key Target,100.0,52.70444101996155,52.70444101996155,7.42
HCP0095,Key Target,Growth,78.22303113504417,67.01918569399794,52.424438491869076,7.39
HCP0498,Key Target,Maintain,61.7590709130786,83.7001235597787,51.692418663618135,7.29
HCP0046,Key Target,Maintain,62.0924612213625,83.01763720625934,51.547694189187986,7.27
HCP0288,Key Target,Maintain,60.41602064215892,85.04058503686261,51.378137410083625,7.25
HCP0371,Key Target,Growth,67.65928057150526,75.55162141107644,51.11768350684165,7.22
HCP0524,Key Target,Growth,79.56218713654916,64.20437278870126,51.08240322799415,7.21
HCP0471,Key Target,Maintain,77.57126305184532,65.84390571448512,51.07594930539226,7.21
HCP0180,Key Target,Growth,64.18107812492087,79.58751435300209,51.08012476458289,7.21
HCP0096,Key Target,Key Target,82.47111611792377,61.650646261952815,50.84397606614553,7.18
HCP0138,Growth,Key Target,100.0,50.69701668457742,50.69701668457742,7.16
HCP0434,Key Target,Growth,66.01869172739859,76.81319872176265,50.71106887007456,7.16
HCP0468,Key Target,Maintain,66.10480160686822,76.64703859583472,50.66737280131625,7.16
HCP0429,Growth,Growth,91.76786579582075,54.95499510991685,50.43102616056835,7.13
HCP0014,Key Target,Growth,89.84891631732361,56.129933839864655,50.4321372847491,7.13
HCP0523,Key Target,Growth,81.55849747677316,61.79617148980861,50.40002896525796,7.12
HCP0073,Key Target,Growth,82.00637522831168,61.481784446400944,50.41898285017733,7.12
HCP0377,Key Target,Maintain,83.18035278651416,60.52828728507509,50.34764289936025,7.12
HCP0064,Growth,Growth,92.45429832174482,54.43964430208512,50.331791148346525,7.11
HCP0585,Growth,Key Target,96.87031913203904,51.87157041713403,50.24815580187809,7.1
HCP0098,Key Target,Growth,73.29797048792196,68.54969684182788,50.245536560682964,7.1
HCP0298,Key Target,Growth,63.27926374454129,79.18529136850755,50.10786937196138,7.08
HCP0494,Key Target,Growth,79.6724210395321,62.78075180867526,50.01894491279142,7.07
HCP0220,Key Target,Maintain,62.54464477774529,79.70494776620545,49.85117645066063,7.05
HCP0265,Key Target,Growth,76.18083193996353,65.33405637296933,49.77202768505279,7.04
HCP0396,Key Target,Maintain,66.35078597279639,74.91877369644516,49.709195188772,7.03
HCP0247,Key Target,Key Target,89.65346285444407,55.26751625431725,49.549242155638154,7.01
HCP0320,Growth,Key Target,100.0,49.52592008364464,49.52592008364464,7.01
HCP0077,Key Target,Growth,68.32621844469318,71.9260812461546,49.14437139095509,6.96
HCP0117,Key Target,Maintain,75.10524735796407,65.15456903276505,48.93450023707365,6.93
HCP0055,Growth,Key Target,98.13233032868918,49.81581481369834,48.88541994890653,6.92
HCP0272,Key Target,Maintain,81.03499912235908,60.21508768282335,48.79529577530366,6.91
HCP0486,Growth,Key Target,100.0,48.762173754892,48.762173754892004,6.91
HCP0456,Key Target,Key Target,88.021607795551,55.21965785164802,48.60523066022281,6.89
HCP0423,Growth,Key Target,89.6365794452004,54.28350506668089,48.65787714473479,6.89
HCP0364,Key Target,Growth,84.16286058105995,57.01873583470309,47.98859914564403,6.81
HCP0347,Growth,Key Target,100.0,47.90824905497284,47.90824905497284,6.79
HCP0542,Growth,Key Target,89.89707858760086,53.24328642792601,47.864159042734066,6.79
HCP0119,Growth,Key Target,100.0,47.53182126352235,47.53182126352235,6.75
HCP0060,Key Target,Growth,71.68088866524803,66.10291363889662,47.38315592998255,6.73
HCP0051,Key Target,Maintain,73.03502703713758,64.92686068681463,47.419350256979726,6.73
HCP0314,Growth,Key Target,98.88100544642332,47.90605394080645,47.36998780637532,6.72
HCP0196,Key Target,Growth,76.75779360681233,61.63990986913869,47.31343479677862,6.72
HCP0478,Key Target,Maintain,70.28180652792578,67.2888024578495,47.291785958383954,6.71
HCP0381,Key Target,Maintain,70.9378841082202,66.42348132582094,47.11941220355615,6.69
HCP0426,Key Target,Growth,82.36652216452227,57.14210060018944,47.06596095612865,6.68
HCP0257,Key Target,Growth,74.1975909510758,63.09964637849353,46.81841751148994,6.65
HCP0509,Key Target,Growth,72.57235224415997,64.38721319241549,46.72731515819801,6.64
HCP0133,Key Target,Growth,83.71338244691482,55.73610998193909,46.65858291021374,6.63
HCP0153,Maintain,Low Priority,51.278789648920295,90.56641813439646,46.44136304769876,6.6
HCP0225,Key Target,Maintain,74.59670927463006,62.26018495429033,46.44404916419892,6.6
HCP0206,Key Target,Maintain,68.99173942698758,67.16903472859359,46.34108541557408,6.59
HCP0559,Maintain,Maintain,52.33782373859184,88.14752240464993,46.13449490608143,6.56
HCP0574,Maintain,Growth,58.98498522788915,77.80418957873471,45.89278972969553,6.53
HCP0044,Growth,Key Target,92.70612957964484,49.40646337734214,45.802819959318576,6.52
HCP0576,Growth,Key Target,93.64955426940335,48.41581203281984,45.34119216464793,6.46
HCP0319,Growth,Growth,84.89884210778689,53.26590598315752,45.222137417923115,6.44
HCP0173,Maintain,Low Priority,52.188696885300295,86.65658893546667,45.22494453067137,6.44
HCP0543,Key Target,Growth,76.41483532236005,59.0941337204106,45.156684967627,6.43
HCP0289,Key Target,Maintain,64.26784653058364,69.98914030813127,44.98051328130466,6.41
HCP0045,Growth,Key Target,100.0,44.758771613617455,44.758771613617455,6.38
HCP0222,Maintain,Growth,57.99750922914288,77.09880977915451,44.71538931722444,6.38
HCP0587,Growth,Key Target,100.0,44.7272747857018,44.7272747857018,6.38
HCP0179,Growth,Key Target,91.29474511100362,48.900535625738,44.643619357433025,6.37
HCP0594,Growth,Maintain,81.7316091725724,54.585872717875326,44.613912153211686,6.36
HCP0497,Key Target,Maintain,62.12842731279176,71.79136181548505,44.60284404239697,6.36
HCP0274,Growth,Key Target,98.49291406271334,45.16918347685669,44.48844506468977,6.35
HCP0115,Key Target,Key Target,79.10088560914268,56.03396642857229,44.32336368693038,6.32
HCP0349,Growth,Key Target,100.0,44.28570254461199,44.28570254461199,6.32
HCP0283,Growth,Key Target,86.28057467378231,51.2282773398798,44.2000520843273,6.31
HCP0275,Key Target,Maintain,77.51699243189478,56.69322561465528,43.94688340910937,6.27
HCP0245,Growth,Growth,96.72325969819336,45.135563089881785,43.65658790366827,6.24
HCP0176,Growth,Growth,80.3282374775772,54.21802157566894,43.552381126947395,6.22
HCP0367,Growth,Key Target,100.0,43.46303053703375,43.46303053703375,6.21
HCP0249,Key Target,Growth,72.03837199978402,60.228408254599366,43.387564787996915,6.2
HCP0548,Key Target,Maintain,60.63527291483099,71.54345599242444,43.38056979370857,6.2
HCP0489,Key Target,Growth,66.75770481272123,64.99576208591597,43.38967899409437,6.2
HCP0495,Growth,Key Target,91.22876869669597,47.39923875615608,43.2417418888483,6.18
HCP0067,Growth,Key Target,97.0118926131511,44.52454442917529,43.19410322812629,6.18
HCP0169,Key Target,Maintain,71.04774684596146,60.54579062421693,43.01642004857951,6.15
HCP0573,Key Target,Maintain,77.89968927009767,55.10645720903401,42.927758933596834,6.14
HCP0469,Growth,Growth,97.1344224781027,44.16033199547615,42.89488344821857,6.14
HCP0397,Growth,Key Target,100.0,42.90802767640918,42.90802767640918,6.14
HCP0552,Growth,Key Target,100.0,42.94043374865993,42.94043374865993,6.14
HCP0002,Key Target,Maintain,70.7699262193007,60.45725036051546,42.7855514743547,6.12
HCP0203,Growth,Maintain,83.0613016073845,51.10040227760426,42.444659258387645,6.08
HCP0209,Growth,Key Target,91.96055651212136,45.890375022903655,42.20104425656174,6.04
HCP0141,Growth,Maintain,81.63651856415672,51.46281612854408,42.012451442416726,6.02
HCP0137,Key Target,Growth,75.45880632742755,55.2814416574701,41.71471599532022,5.98
HCP0408,Key Target,Maintain,60.8337746443035,68.23895178861034,41.51233015071813,5.95
HCP0058,Key Target,Growth,69.85360488091821,59.30196271638072,41.424558722530016,5.94
HCP0560,Growth,Key Target,100.0,41.30887951640399,41.308879516404,5.93
HCP0239,Growth,Key Target,84.40406542967841,48.87761903080092,41.25469754722616,5.92
HCP0066,Maintain,Low Priority,41.51315869213355,99.13050614280804,41.1522043273791,5.91
HCP0547,Growth,Growth,80.61255123827424,51.07003159203785,41.16885538453435,5.91
HCP0343,Growth,Key Target,100.0,41.04885586807384,41.04885586807384,5.89
HCP0028,Growth,Key Target,96.65194378265232,42.41311031330992,40.99309553649462,5.89
HCP0157,Growth,Key Target,77.2341068853914,53.03852862934985,40.963833892030976,5.88
HCP0410,Growth,Key Target,89.25047493215561,45.77947438838324,40.858398313076584,5.87
HCP0363,Growth,Growth,88.15646729587183,46.28539823666521,40.8035719592698,5.86
HCP0202,Key Target,Maintain,70.45370327167494,57.7641025870656,40.696949434237105,5.85
HCP0566,Maintain,Low Priority,49.49622703047816,82.06147155084119,40.6173322633556,5.84
HCP0027,Growth,Growth,89.0409758649157,45.64047373351416,40.63872320169153,5.84
HCP0357,Growth,Key Target,95.61111074392896,42.35828354382178,40.499225388310876,5.82
HCP0072,Growth,Growth,85.30183799446493,47.43921416537047,40.46652161319158,5.82
HCP0184,Key Target,Growth,62.38815331621607,64.84593823876074,40.45618336773683,5.82
HCP0218,Growth,Key Target,91.4418792183922,44.06924413943244,40.2977449984382,5.79
HCP0454,Key Target,Maintain,70.04744562808094,57.47480028822781,40.25962948174448,5.79
HCP0595,Growth,Key Target,92.66486508526197,43.2816357909683,40.106869412395234,5.77
HCP0507,Key Target,Maintain,62.791088437974665,63.79032288582857,40.054638058110214,5.76
HCP0580,Maintain,Maintain,59.581117782302826,66.77280303474805,39.783982422678314,5.73
HCP0250,Maintain,Maintain,55.52731849174813,71.52814619786515,39.717661550531815,5.72
HCP0564,Growth,Key Target,90.3572054501264,43.95950541976847,39.72058062699964,5.72
HCP0405,Growth,Key Target,100.0,39.518282300359004,39.518282300359004,5.69
HCP0185,Growth,Key Target,92.7026633009398,42.58962758702677,39.481719063125595,5.69
HCP0161,Growth,Growth,99.09745978662288,39.63288680904175,39.27518406786791,5.66
HCP0016,Growth,Maintain,72.19299000180351,54.31050269930734,39.20837578364018,5.65
HCP0163,Growth,Key Target,100.0,39.11912916602293,39.11912916602293,5.64
HCP0048,Growth,Key Target,100.0,39.03693284490332,39.03693284490332,5.63
HCP0291,Maintain,Maintain,57.8984275792691,67.43202626241943,39.04208289078063,5.63
HCP0052,Maintain,Low Priority,53.03984194651476,73.22476089137893,38.838297442500746,5.6
HCP0097,Growth,Key Target,100.0,38.81092541805344,38.81092541805344,5.6
HCP0506,Key Target,Maintain,65.60710699869941,59.02689706429844,38.72583951498644,5.59
HCP0484,Growth,Growth,71.51258823321461,54.08883746490918,38.68032761641322,5.58
HCP0255,Key Target,Maintain,61.78777368222155,62.32665867300088,38.51025480456449,5.56
HCP0056,Key Target,Maintain,68.48098750481992,56.253966064734286,38.523271471756324,5.56
HCP0106,Maintain,Low Priority,38.34220960166183,100.0,38.34220960166183,5.54
HCP0188,Growth,Maintain,71.09575864788889,53.90591126301457,38.324816568497994,5.54
HCP0116,Maintain,Maintain,59.210388604679785,64.6205732952731,38.26209256670314,5.53
HCP0318,Key Target,Maintain,68.52855163186196,55.85262048875494,38.27499186938434,5.53
HCP0392,Maintain,Maintain,58.05529673798623,65.82261676436082,38.21351548325714,5.52
HCP0380,Key Target,Growth,67.70143389788977,56.40226317466433,38.18514092010919,5.52
HCP0412,Key Target,Growth,61.945458080074445,61.55492939903899,38.13048298710112,5.51
HCP0092,Growth,Key Target,100.0,38.0651181423196,38.0651181423196,5.5
HCP0192,Maintain,Maintain,55.46537575344715,68.50289319789796,37.99538711419669,5.49
HCP0078,Key Target,Growth,61.5828825018396,61.381896680471485,37.80074131013534,5.47
HCP0154,Growth,Key Target,100.0,37.67167722681123,37.67167722681123,5.45
HCP0221,Key Target,Growth,68.17171897777676,55.26711183087346,37.67654016447667,5.45
HCP0233,Growth,Key Target,80.41998004845794,46.46790033881801,37.36947618141477,5.41
HCP0286,Growth,Growth,72.53402902897973,51.47268099021339,37.33520937143551,5.41
HCP0191,Growth,Growth,69.88306215003732,53.30960236977053,37.25438255600451,5.39
HCP0059,Maintain,Growth,52.64875411429506,70.45079615165521,37.0914664374482,5.37
HCP0039,Maintain,Low Priority,42.99816745656944,85.86985712029107,36.922464959299674,5.35
HCP0480,Maintain,Growth,57.02805278387595,64.60482305023534,36.84287259001786,5.34
HCP0526,Key Target,Maintain,64.88704928501151,56.654364037263775,36.76134511496919,5.33
HCP0062,Growth,Key Target,94.4769957017367,38.8174803011792,36.67358919566757,5.32
HCP0413,Maintain,Maintain,54.69507615420433,66.6833814670458,36.47252627559928,5.29
HCP0339,Maintain,Low Priority,54.48090277406826,66.77406556430302,36.37911373838052,5.28
HCP0466,Growth,Growth,67.93507942157846,53.599742823744,36.413027857072294,5.28
HCP0473,Key Target,Growth,62.24807974767496,57.910296106711904,36.04804730262073,5.24
HCP0356,Growth,Key Target,89.66482939391945,40.10034122548717,35.95590254621262,5.22
HCP0287,Growth,Key Target,87.26055216085697,41.164605139953736,35.92046173996014,5.22
HCP0579,Growth,Key Target,82.78174274046702,43.29623102145977,35.8413745805031,5.21
HCP0428,Maintain,Maintain,43.28537662248896,82.55472472549488,35.73412351708947,5.2
HCP0100,Growth,Key Target,80.18868163303415,44.56922710427233,35.7394756289489,5.2
HCP0402,Growth,Maintain,68.75010455968805,51.907784827601816,35.68665634359414,5.19
HCP0278,Maintain,Maintain,46.94196856983325,75.98997211726638,35.67118882751223,5.19
HCP0081,Growth,Maintain,73.89438084106239,48.35662940321989,35.73283189311646,5.19
HCP0582,Growth,Key Target,100.0,35.61202844522759,35.61202844522759,5.18
HCP0382,Growth,Key Target,100.0,35.567624539740805,35.567624539740805,5.17
HCP0089,Key Target,Growth,61.81407285090006,57.547249513129714,35.57229873773523,5.17
HCP0483,Maintain,Growth,50.18207033009449,70.74965408771051,35.50364117259346,5.16
HCP0007,Growth,Maintain,64.99293306968538,54.35325762609569,35.325776350122034,5.14
HCP0251,Maintain,Maintain,57.86910877022599,60.58483107867124,35.05990179517394,5.11
HCP0132,Growth,Key Target,100.0,35.017102173379755,35.017102173379755,5.1
HCP0577,Growth,Maintain,68.92243907598723,50.720937122783766,34.95810698722043,5.09
HCP0065,Maintain,Low Priority,59.40603231223791,58.86363159626397,34.968548006233256,5.09
HCP0003,Maintain,Maintain,55.7776476401199,62.59375161227968,34.91332221902923,5.09
HCP0009,Growth,Growth,68.38402309648495,51.07991404309968,34.93050021689795,5.09
HCP0472,Maintain,Maintain,58.219514701245785,59.893638509747,34.86978567729316,5.08
HCP0240,Low Priority,Low Priority,27.876375811954645,45.19555699922449,12.59888331940999,0.5
HCP0238,Growth,Growth,74.69828323890295,44.8519884719915,33.503665387088304,0.5
HCP0237,Growth,Maintain,64.47185240021145,39.999965275029766,25.788718572253025,0.5
HCP0232,Maintain,Maintain,42.71940774909093,79.05401613072291,33.771407492915635,0.5
HCP0262,Maintain,Low Priority,19.24838873315789,77.8050656188856,14.976221484411678,0.5
HCP0259,Low Priority,Low Priority,38.36794070940925,49.59206115809116,19.027452621710392,0.5
HCP0256,Growth,Growth,63.40555714555055,49.23429083745362,31.217276412148216,0.5
HCP0187,Low Priority,Low Priority,50.23130517835107,40.10753287122874,20.14653723605438,0.5
HCP0186,Growth,Key Target,90.32164930137664,23.356659677461643,21.096120242392953,0.5
HCP0215,Low Priority,Maintain,52.92959287532169,0.0,0.0,0.5
HCP0214,Key Target,Growth,60.50564469884893,57.53733952591685,34.81333822272162,0.5
HCP0109,Growth,Growth,74.47821359361406,42.67649831650952,31.78469357044507,0.5
HCP0108,Low Priority,Low Priority,34.93772539026967,40.23246838245784,14.05630932119019,0.5
HCP0107,Low Priority,Maintain,48.746476472503,20.81547792179689,10.146812047787778,0.5
HCP0105,Maintain,Low Priority,25.771494688228348,79.94422842284901,20.602822581539666,0.5
HCP0104,Maintain,Low Priority,28.203230328594262,67.09986751357746,18.92433018503585,0.5
HCP0135,Growth,Maintain,68.57030735183673,17.873768657710862,12.2560981039486,0.5
HCP0134,Maintain,Maintain,59.32376798395759,58.46014279304452,34.68075947363604,0.5
HCP0279,Maintain,Low Priority,36.39080343518489,71.87873783106711,26.157250195795513,0.5
HCP0273,Low Priority,Low Priority,30.8391701148799,54.32793120087716,16.75428312293342,0.5
HCP0063,Key Target,Maintain,60.29292698188493,56.353425161254194,33.97712948426616,0.5
HCP0061,Maintain,Low Priority,13.727591842955398,55.88434005800366,7.671574107291966,0.5
HCP0087,Maintain,Low Priority,37.49907926438635,73.73138711713575,27.648591297786282,0.5
HCP0086,Low Priority,Growth,54.90409513949224,36.1464017093732,19.845854784017313,0.5
HCP0085,Low Priority,Low Priority,32.9317294027848,41.11472475503862,13.539789901029096,0.5
HCP0084,Growth,Growth,84.91080259946152,40.610369080429045,34.48259032479586,0.5
HCP0082,Maintain,Low Priority,27.920643109753968,100.0,27.920643109753968,0.5
HCP0080,Growth,Maintain,62.9128014159932,53.100693788146565,33.407134033451285,0.5
HCP0271,Growth,Key Target,98.70333988732652,23.949850533998912,23.639302375079634,0.5
HCP0270,Low Priority,Maintain,55.1230325629923,36.95777723637897,20.372247580567336,0.5
HCP0268,Maintain,Low Priority,37.561202516685576,58.38947742386521,21.931789863612416,0.5
HCP0266,Growth,Growth,69.45075827599027,10.61051482753895,7.369083004712182,0.5
HCP0264,Growth,Growth,68.71883809313938,7.332225940852766,5.038620472917778,0.5
HCP0295,Growth,Key Target,88.30537034888243,11.27116042498865,9.953039955902899,0.5
HCP0294,Growth,Maintain,71.61853244438251,31.296308389353648,22.413956777723246,0.5
HCP0293,Maintain,Low Priority,33.42489001315969,58.95112565055007,19.70434891021593,0.5
HCP0285,Growth,Key Target,74.5277851499035,35.60399209769852,26.534866735361376,0.5
HCP0284,Maintain,Maintain,47.24482409290959,71.23471419993004,33.654715416843835,0.5
HCP0282,Low Priority,Low Priority,56.27766523352203,13.904773846494123,7.825282076808287,0.5
HCP0281,Low Priority,Low Priority,25.99414931979735,51.1985665419851,13.308631836519414,0.5
HCP0311,Low Priority,Growth,58.97614113533642,50.231272980393946,29.624466446993242,0.5
HCP0310,Low Priority,Low Priority,24.83892439228484,32.9867747153128,8.193560030989879,0.5
HCP0308,Low Priority,Maintain,53.50797170065989,37.33600737689751,19.97774026138661,0.5
HCP0307,Low Priority,Low Priority,38.78701567310106,47.244240889014186,18.32463111825955,0.5
HCP0305,Maintain,Low Priority,37.94572497183796,84.60198407427832,32.1028361975438,0.5
HCP0303,Maintain,Maintain,49.61776100689381,64.60668591762759,32.05639101308297,0.5
HCP0302,Low Priority,Low Priority,22.98433991795464,47.95469930100462,11.022071093975919,0.5
HCP0301,Growth,Key Target,89.75415257801386,35.03952813412245,31.449431544116354,0.5
HCP0299,Maintain,Low Priority,31.56335301861831,86.42671632164735,27.279169575001365,0.5
HCP0327,Maintain,Growth,46.46389598206836,68.37110686513472,31.767879975605,0.5
HCP0326,Low Priority,Low Priority,48.748358491937054,22.82386581460057,11.126259929020154,0.5
HCP0325,Growth,Maintain,65.10306953378524,42.71830449311263,27.810927477805226,0.5
HCP0323,Growth,Growth,67.73267217072775,44.6597155009128,30.249218692612953,0.5
HCP0322,Low Priority,Low Priority,35.283994694021416,24.342702432945856,8.589077834822039,0.5
HCP0317,Growth,Key Target,84.56033502179696,41.01956293792147,34.68627984478325,0.5
HCP0315,Low Priority,Low Priority,50.2253269658889,6.215007228547691,3.121507701491707,0.5
HCP0178,Low Priority,Maintain,56.566255279663416,36.94986987113417,20.901157716809195,0.5
HCP0177,Growth,Maintain,63.01555257373848,53.19615173245224,33.52184896216914,0.5
HCP0175,Low Priority,Low Priority,33.97612128743973,34.12111857062716,11.593032630187405,0.5
HCP0174,Growth,Key Target,89.18954870407991,36.530404401333925,32.581302825325075,0.5
HCP0172,Growth,Key Target,94.01750635315818,29.26185118927251,27.511262800925973,0.5
HCP0171,Growth,Key Target,100.0,33.44877342265349,33.44877342265349,0.5
HCP0199,Maintain,Low Priority,45.22897273993013,66.0184876178708,29.85948376800093,0.5
HCP0195,Low Priority,Low Priority,4.787583275316424,31.35098855587125,1.5009546847472581,0.5
HCP0193,Low Priority,Growth,58.76496014781471,7.374653197561585,4.333712012586609,0.5
HCP0190,Low Priority,Low Priority,48.62217843223037,34.26836050260686,16.662023389377463,0.5
HCP0340,Growth,Growth,73.98234974122417,46.07861243082333,34.09004020447491,0.5
HCP0338,Growth,Growth,68.71722859659944,42.11583499227103,28.940834607005502,0.5
HCP0337,Low Priority,Low Priority,17.240420763617966,51.3340488714548,8.850206020440087,0.5
HCP0336,Growth,Key Target,74.6065565579598,46.1617996584062,34.43972917032092,0.5
HCP0335,Growth,Growth,61.444415119410166,31.80321428466069,19.541299006382467,0.5
HCP0334,Low Priority,Low Priority,48.23270515679039,37.250723505156806,17.9670316370135,0.5
HCP0333,Maintain,Low Priority,41.26888332122612,61.17598553696332,25.246646091859557,0.5
HCP0332,Growth,Key Target,96.84073918646766,21.80224237160624,21.11345267188874,0.5
HCP0330,Growth,Key Target,98.83331547534203,15.783088030609347,15.598949185043084,0.5
HCP0329,Growth,Maintain,63.87412173186344,54.10009584713988,34.555961078456924,0.5
HCP0328,Maintain,Maintain,39.98741845450324,77.46189260883078,30.975011140271082,0.5
HCP0359,Low Priority,Low Priority,52.063372332763336,8.458004061093796,4.403522146247507,0.5
HCP0353,Growth,Key Target,80.94306515897188,26.172984005318924,21.185215497472583,0.5
HCP0352,Growth,Key Target,100.0,20.94442776213381,20.94442776213381,0.5
HCP0351,Maintain,Low Priority,21.38432904112829,86.51355184341321,18.50034259136259,0.5
HCP0350,Low Priority,Low Priority,29.577475759614018,36.97931941490096,10.937549236012572,0.5
HCP0348,Growth,Key Target,93.79254821278047,7.556089438729714,7.087048829821381,0.5
HCP0346,Maintain,Low Priority,31.991281017811662,60.814663557336445,19.4553899186642,0.5
HCP0345,Low Priority,Low Priority,45.60767259283855,22.050074019051223,10.056525565087439,0.5
HCP0344,Low Priority,Low Priority,43.66383230603566,37.681202323354285,16.453056993367426,0.5
HCP0375,Growth,Growth,80.65370317064801,35.83976798597541,28.906100088457542,0.5
HCP0374,Low Priority,Maintain,56.42929307052133,50.14761905199452,28.29794692273858,0.5
HCP0372,Growth,Growth,82.21137918358981,34.63368935277484,28.47283367907629,0.5
HCP0370,Low Priority,Maintain,47.428176409147646,24.556014496171432,11.646469874300056,0.5
HCP0047,Growth,Key Target,80.40493128287274,34.05425707232379,27.381301997894774,0.5
HCP0093,Growth,Key Target,92.0762432470862,33.48855427713969,30.835002696151633,0.5
HCP0091,Maintain,Low Priority,32.35525984473439,69.62984815881869,22.52891830127979,0.5
HCP0090,Low Priority,Low Priority,21.388533998116493,53.72982651123463,11.492022210484427,0.5
HCP0088,Low Priority,Low Priority,39.25953382961355,47.712454142135165,18.731687074870408,0.5
HCP0118,Maintain,Low Priority,30.51150103165598,67.06013706853354,20.46105441349552,0.5
HCP0099,Growth,Maintain,77.38351633528947,40.12278145808732,31.04841914379149,0.5
HCP0159,Low Priority,Low Priority,39.89347929104876,25.28875993537857,10.088566207783288,0.5
HCP0158,Growth,Growth,61.34210019351984,42.01474160779728,25.772724893103476,0.5
HCP0155,Maintain,Low Priority,50.5320349910515,55.27796418665022,27.933080205139007,0.5
HCP0152,Maintain,Low Priority,19.459371031644448,80.83372931317346,15.729735305765564,0.5
HCP0182,Low Priority,Low Priority,4.112137191751703,27.126550312676567,1.115480964246811,0.5
HCP0181,Growth,Key Target,83.77438934701492,38.88012782336405,32.571589661362076,0.5
HCP0114,Maintain,Low Priority,26.646205760546952,61.70084735074826,16.440934741081364,0.5
HCP0113,Growth,Key Target,100.0,30.667925694211903,30.667925694211903,0.5
HCP0112,Low Priority,Maintain,58.90706948429442,49.00693871889269,28.8685514432637,0.5
HCP0111,Growth,Key Target,100.0,33.44833504792575,33.44833504792575,0.5
HCP0110,Low Priority,Low Priority,19.151029689728265,37.98360755234614,7.2742519595796775,0.5
HCP0042,Growth,Growth,84.30117383099872,40.72361005562578,34.33048130325116,0.5
HCP0041,Low Priority,Low Priority,4.303172734278569,20.71028209007757,0.8911992120923956,0.5
HCP0040,Maintain,Low Priority,54.369640675351945,60.13317461424524,32.694190964447095,0.5
HCP0071,Maintain,Low Priority,32.55013256125556,100.0,32.55013256125556,0.5
HCP0070,Maintain,Maintain,57.19288182806861,56.96003828198766,32.57708738383984,0.5
HCP0068,Maintain,Low Priority,0.0,63.4457803825072,0.0,0.5
HCP0581,Low Priority,Low Priority,49.455299934322674,53.241870252615705,26.330926624074017,0.5
HCP0019,Low Priority,Low Priority,59.29682144435651,36.697506810409976,21.760455087899373,0.5
HCP0018,Low Priority,Low Priority,28.17457917920644,11.87983987881242,3.347094893018948,0.5
HCP0361,Low Priority,Low Priority,52.40388966429703,49.38533198298576,25.879834882710654,0.5
HCP0360,Growth,Growth,62.88848489908477,17.77612630988888,11.179136510036704,0.5
HCP0391,Low Priority,Low Priority,50.67525618194692,46.93674646139903,23.785316512784867,0.5
HCP0390,Growth,Maintain,73.79265823373723,44.29825693246576,32.68886134167727,0.5
HCP0388,Maintain,Low Priority,38.39859911985667,70.3793174314749,27.024671963803453,0.5
HCP0387,Low Priority,Low Priority,19.20355346234765,45.838363966637445,8.802594730598722,0.5
HCP0386,Low Priority,Low Priority,47.28656180202616,47.47791618880835,22.45067418093505,0.5
HCP0385,Maintain,Low Priority,14.67317193812226,100.0,14.67317193812226,0.5
HCP0017,Maintain,Low Priority,26.267896696643547,56.07505125981004,14.729736537516818,0.5
HCP0038,Growth,Maintain,72.09581618392842,18.83711906258508,13.580774733709081,0.5
HCP0379,Low Priority,Low Priority,36.219462530298586,52.405275936229934,18.98090928162238,0.5
HCP0376,Low Priority,Low Priority,44.45667941743956,35.3379614468345,15.710084233077598,0.5
HCP0406,Low Priority,Low Priority,29.65274195178064,46.189842783040135,13.696554888388064,0.5
HCP0127,Growth,Maintain,71.0171264098022,45.63148604201084,32.40617012512609,0.5
HCP0404,Low Priority,Low Priority,51.944083807347205,40.94490080357592,21.268453588244657,0.5
HCP0403,Low Priority,Low Priority,44.5177907187282,31.2223969280479,13.899521321798986,0.5
HCP0034,Key Target,Maintain,60.371082067090846,56.891850659154,34.34622585092463,0.5
HCP0401,Low Priority,Low Priority,22.24811502051009,28.736645636001256,6.393361974133954,0.5
HCP0400,Growth,Maintain,77.14494448937107,29.81173866587733,22.998249245107434,0.5
HCP0399,Low Priority,Low Priority,25.42430353799095,16.66805064963578,4.237735791029474,0.5
HCP0398,Growth,Key Target,86.89701496203277,18.15231075938656,15.773816196538824,0.5
HCP0394,Growth,Growth,64.40102453878407,46.789320239699705,30.13280160909927,0.5
HCP0393,Low Priority,Maintain,56.701914520771496,38.44831518530677,21.80093081104945,0.5
HCP0035,Maintain,Low Priority,35.89309091702671,70.69377432263373,25.37418069030061,0.5
HCP0422,Maintain,Low Priority,11.770520154090688,59.34880830606522,6.985663442878056,0.5
HCP0421,Growth,Maintain,69.07685079938845,37.37523105127899,25.817632589218693,0.5
HCP0419,Low Priority,Maintain,38.74132409098787,49.39862746238249,19.137682361701337,0.5
HCP0418,Maintain,Low Priority,42.85263154776244,70.24298483917372,30.100967481281746,0.5
HCP0416,Growth,Key Target,79.93863031212423,14.36760862673946,11.485269544822124,0.5
HCP0415,Maintain,Low Priority,23.197837508467984,55.72961511228463,12.928065557842405,0.5
HCP0414,Low Priority,Low Priority,18.459218030990623,36.84764987798799,6.801788030273854,0.5
HCP0008,Maintain,Low Priority,20.45790878251007,65.61387876049466,13.423227465488747,0.5
HCP0000,Low Priority,Low Priority,17.253684585995583,26.05990847169969,4.496294411106207,0.5
HCP0411,Growth,Growth,74.68054765179528,46.33534686753958,34.60349079703752,0.5
HCP0583,Growth,Maintain,67.21748546151471,35.863265742407066,24.106385436426855,0.5
HCP0409,Maintain,Low Priority,28.359558965119152,55.32258830552008,15.689242051534078,0.5
HCP0033,Maintain,Low Priority,16.001389385106044,71.37527900694883,11.421036318607733,0.5
HCP0438,Low Priority,Low Priority,48.15023694508281,44.03854133510354,21.20466200001059,0.5
HCP0166,Maintain,Maintain,53.52061684969058,58.01843053612992,31.051821909445977,0.5
HCP0164,Growth,Key Target,96.21436894214544,33.00683308311317,31.757316158704626,0.5
HCP0032,Maintain,Growth,52.169678778675575,57.63747626242304,30.069286222241484,0.5
HCP0162,Maintain,Maintain,55.84483819233971,56.7198696149525,31.67511940937628,0.5
HCP0540,Growth,Maintain,72.48439216117193,44.124343912945534,31.98326248040363,0.5
HCP0079,Maintain,Low Priority,35.93094917380269,80.18229698669472,28.810260376676805,0.5
HCP0539,Maintain,Low Priority,35.18822092633529,75.76579857967639,26.66063659081873,0.5
HCP0076,Maintain,Maintain,56.64378341760683,59.97867820793316,33.974192580845006,0.5
HCP0075,Low Priority,Low Priority,30.17457797486506,47.96950529713413,14.474595780040763,0.5
HCP0074,Growth,Low Priority,62.42004308948111,39.02388510214036,24.358725895945614,0.5
HCP0591,Low Priority,Low Priority,38.52736177879568,17.043710002004467,6.566491813001045,0.5
HCP0103,Maintain,Low Priority,21.30034334266048,67.66843082054699,14.413608099367194,0.5
HCP0101,Low Priority,Low Priority,55.21939449631291,36.12092950555996,19.94575855941024,0.5
HCP0590,Growth,Maintain,69.60993834663249,33.852265106734414,23.564540869736412,0.5
HCP0437,Growth,Maintain,72.67415005049737,11.149130183851824,8.102535599137768,0.5
HCP0436,Low Priority,Maintain,59.89184470121556,52.55832224057217,31.47814873388792,0.5
HCP0433,Low Priority,Low Priority,26.601815659600152,39.76016952346019,10.5769270025754,0.5
HCP0431,Low Priority,Maintain,41.75956110627866,40.96466107466435,17.10666267345441,0.5
HCP0584,Maintain,Maintain,41.2918059892113,83.94117392062205,34.66082668036969,0.5
HCP0424,Low Priority,Maintain,55.36185559356264,52.99404665113183,29.338487580184825,0.5
HCP0455,Low Priority,Low Priority,36.643939477177966,43.26968698160072,15.85571790950212,0.5
HCP0022,Low Priority,Low Priority,39.21667549619102,31.92650167200479,12.520512557996119,0.5
HCP0453,Maintain,Low Priority,30.28772095442347,71.09761131724758,21.53384612102855,0.5
HCP0452,Maintain,Low Priority,35.214870172250336,59.32409352645376,20.890902516205056,0.5
HCP0450,Low Priority,Low Priority,52.50653236284439,42.970783768819885,22.5624684861433,0.5
HCP0449,Growth,Low Priority,62.358666687659344,48.85745853828429,30.466859721950062,0.5
HCP0448,Maintain,Low Priority,27.116307932010184,73.10518802987909,19.823427900457062,0.5
HCP0447,Maintain,Low Priority,37.25357864389176,62.175921678125086,23.16275587992487,0.5
HCP0443,Maintain,Low Priority,39.73479150801208,64.68906878496844,25.704066610181734,0.5
HCP0440,Maintain,Low Priority,42.13842075487643,66.0615357405049,27.837287887467024,0.5
HCP0470,Maintain,Low Priority,33.271710928991624,77.96512849031977,25.940332176716083,0.5
HCP0467,Growth,Growth,64.78720527118686,47.57164527835863,30.820339477371082,0.5
HCP0020,Maintain,Low Priority,49.44982673077239,63.14527787470937,31.22523049770854,0.5
HCP0465,Maintain,Low Priority,1.4108373564605312,68.64785019625586,0.9685095149758418,0.5
HCP0464,Maintain,Low Priority,21.034183207661687,92.86097770845087,19.532548179621436,0.5
HCP0030,Maintain,Low Priority,34.744655294463136,58.90207946285776,20.465324470640695,0.5
HCP0557,Maintain,Low Priority,43.66759907182409,73.60755715245784,32.14265294389907,0.5
HCP0556,Low Priority,Low Priority,45.85033539916775,54.84865406737698,25.148291851821604,0.5
HCP0026,Low Priority,Low Priority,31.9494686312656,53.094284259721306,16.963341694554646,0.5
HCP0054,Maintain,Maintain,44.24138814567179,64.78767877876818,28.662968439085866,0.5
HCP0053,Maintain,Low Priority,24.170266456881123,58.97157241363034,14.253586186187055,0.5
HCP0555,Growth,Maintain,82.99938227063711,41.420413712960354,34.378687515699355,0.5
HCP0050,Maintain,Maintain,50.71830535335468,62.80909864107765,31.855710438471505,0.5
HCP0049,Maintain,Low Priority,26.683772051221386,59.22772950096535,15.804192331151595,0.5
HCP0554,Low Priority,Low Priority,59.44675044497424,17.863791961196682,10.619443827181962,0.5
HCP0463,Growth,Key Target,88.10692880769614,18.990426165316386,16.731881261753408,0.5
HCP0462,Low Priority,Maintain,34.577963755610895,50.72406276300088,17.539348037563766,0.5
HCP0460,Low Priority,Low Priority,9.925103506266636,50.6951108684769,5.031542226312959,0.5
HCP0459,Growth,Key Target,91.24551214024366,20.77053680539082,18.952182682356657,0.5
HCP0458,Maintain,Maintain,42.01170619798047,66.10480148558848,27.771754982883664,0.5
HCP0553,Growth,Maintain,62.44343107499963,47.15547974159434,29.445499490527876,0.5
HCP0121,Maintain,Low Priority,50.175792990350295,59.68862232964196,29.94923957891315,0.5
HCP0149,Low Priority,Low Priority,36.40459259433804,46.315991334822286,16.86114795147096,0.5
HCP0148,Maintain,Low Priority,30.408522452522742,67.21689832821708,20.439665620025277,0.5
HCP0146,Growth,Maintain,60.03963284159252,45.87687607769284,27.544307956239173,0.5
HCP0145,Low Priority,Low Priority,47.48996876693808,49.11304552945501,23.323769982430264,0.5
HCP0143,Maintain,Low Priority,16.42589080524342,67.09583165101137,11.02108804186508,0.5
HCP0004,Low Priority,Low Priority,43.85842593972252,48.81955269607501,21.411487363311867,0.5
HCP0140,Low Priority,Low Priority,30.93552107037666,44.2092963615772,13.676376191000976,0.5
HCP0139,Low Priority,Low Priority,40.75924984764091,38.73219175306647,15.786950808099732,0.5
HCP0126,Low Priority,Low Priority,37.32025353264901,52.56389551893333,19.61697907430265,0.5
HCP0136,Low Priority,Low Priority,51.69179717059686,51.39385954300932,26.566409633113814,0.5
HCP0125,Maintain,Low Priority,20.057691853534784,55.34669258302615,11.101269049426575,0.5
HCP0212,Maintain,Low Priority,27.155987614944657,67.62549460243153,18.364370938781374,0.5
HCP0482,Low Priority,Maintain,50.85167559446525,48.589192433249046,24.70841851012626,0.5
HCP0481,Maintain,Low Priority,45.50861487784301,63.154567392360775,28.740768852357288,0.5
HCP0211,Growth,Maintain,65.6655809977863,33.19105494899045,21.795099071549078,0.5
HCP0477,Low Priority,Maintain,45.5795247489593,22.561497463395817,10.28342332006432,0.5
HCP0476,Low Priority,Maintain,57.3586420838645,37.69314335796332,21.62027518885213,0.5
HCP0474,Low Priority,Low Priority,25.12420705498863,51.50063926571644,12.939127243761375,0.5
HCP0208,Growth,Key Target,93.15564693915326,18.073259777590398,16.836262068808104,0.5
HCP0207,Low Priority,Low Priority,29.790994851320697,50.7145011489107,15.108354426144963,0.5
HCP0501,Maintain,Maintain,51.15107942515659,55.92116277154231,28.604278384742706,0.5
HCP0500,Maintain,Maintain,51.28956527505533,62.17912881302942,31.89140486001946,0.5
HCP0496,Low Priority,Maintain,56.68950274814388,13.01587314877512,7.378633766369793,0.5
HCP0493,Growth,Key Target,100.0,13.29943406640244,13.29943406640244,0.5
HCP0492,Low Priority,Low Priority,28.788813629261643,46.32745029691625,13.337123325168038,0.5
HCP0491,Growth,Maintain,62.91296807196266,52.83533323354054,33.240276327932435,0.5
HCP0490,Low Priority,Low Priority,40.92629253735657,21.41779144752566,8.765507982855286,0.5
HCP0488,Growth,Growth,81.50527142379349,20.300478359091343,16.545959986905856,0.5
HCP0517,Growth,Key Target,89.08818526582898,35.72449625531223,31.826305409216697,0.5
HCP0516,Low Priority,Low Priority,24.35463071009516,38.68346704031135,9.421215543529208,0.5
HCP0515,Maintain,Low Priority,36.73385514444284,62.62542780161951,23.004733932234544,0.5
HCP0514,Low Priority,Low Priority,34.35215033583037,53.53563352032357,18.39064131014075,0.5
HCP0513,Maintain,Low Priority,33.822693463766804,58.6582946025741,19.839815174501908,0.5
HCP0511,Maintain,Low Priority,11.196421697392502,67.79872331601582,7.591030967909505,0.5
HCP0510,Maintain,Low Priority,28.813326049486548,100.0,28.813326049486548,0.5
HCP0508,Low Priority,Low Priority,36.00633333230434,18.807660621655412,6.77194897544179,0.5
HCP0205,Maintain,Maintain,48.50530358736081,70.7873311133941,34.335609857942124,0.5
HCP0201,Low Priority,Low Priority,10.898915570205553,39.304415056880174,4.283755012412529,0.5
HCP0505,Low Priority,Maintain,55.2557509479769,36.169247955403975,19.985589569994247,0.5
HCP0535,Growth,Growth,63.51108749892605,38.545959538417975,24.480958089745272,0.5
HCP0534,Growth,Key Target,89.32794109664582,22.836283775769168,20.399182119881967,0.5
HCP0532,Maintain,Low Priority,35.00328355389214,64.39649846409932,22.540888956166484,0.5
HCP0530,Low Priority,Low Priority,20.85080020871117,38.33474816925507,7.9931017512839375,0.5
HCP0529,Maintain,Maintain,38.193052499262606,67.48368544939065,25.77407941212301,0.5
HCP0528,Maintain,Low Priority,11.824745434522526,61.1882567951985,7.235355601854154,0.5
HCP0485,Growth,Growth,66.30215042865693,45.25772878369644,30.006847418759982,0.5
HCP0200,Growth,Key Target,100.0,7.454190165400377,7.454190165400377,0.5
HCP0522,Low Priority,Low Priority,39.52337760390843,53.26080048787958,21.050467291688946,0.5
HCP0521,Maintain,Maintain,42.3414042495754,74.35997609107729,31.48505807661065,0.5
HCP0520,Low Priority,Low Priority,26.465000628318343,35.17787368825299,9.309824492625186,0.5
HCP0550,Low Priority,Low Priority,40.65866406441668,21.639308002218065,8.798253546486281,0.5
HCP0549,Growth,Key Target,79.58040457276924,28.38245494773019,22.586872475087645,0.5
HCP0231,Maintain,Maintain,37.81977399998047,77.82961536206436,29.434984634986822,0.5
HCP0546,Growth,Maintain,61.196443397193335,35.14306384332121,21.50630517291758,0.5
HCP0545,Low Priority,Low Priority,39.45642603650991,37.05014058290675,14.618661315517542,0.5
HCP0572,Low Priority,Maintain,43.65087371401517,53.886298947000114,23.521840302511706,0.5
HCP0571,Growth,Growth,71.77725432676898,35.27519778966805,25.31956843176083,0.5
HCP0570,Maintain,Maintain,49.49097285503928,56.80313655335146,28.112424892430067,0.5
HCP0569,Low Priority,Maintain,44.500335537969406,54.15132379841784,24.097520788548216,0.5
HCP0568,Low Priority,Maintain,53.96828421569008,38.66413641459488,20.86637102977069,0.5
HCP0229,Low Priority,Low Priority,42.10945280074195,23.3932136430893,9.850754257613415,0.5
HCP0224,Maintain,Maintain,49.03397287290019,64.17118272424338,31.465680329224714,0.5
HCP0094,Maintain,Low Priority,26.64269129118759,59.485946143631885,15.84865699268995,0.5
HCP0538,Low Priority,Maintain,49.00342537496282,16.724405303421477,8.195531472268469,0.5
HCP0567,Maintain,Low Priority,7.53489347958649,84.32405639251364,6.353727826842345,0.5
HCP0219,Growth,Key Target,85.0801964252955,15.31713553742008,13.031849001965746,0.5
HCP0565,Low Priority,Low Priority,26.375501189406517,51.89733737638813,13.688182836979562,0.5
HCP0216,Growth,Key Target,97.5332549028117,29.438232745763933,28.71206658280892,0.5
HCP0563,Maintain,Low Priority,19.941609713902896,59.22920304727835,11.811256508343329,0.5
HCP0561,Growth,Growth,79.48010916905918,41.338163968296506,32.855617850486745,0.5
HCP0244,Maintain,Low Priority,49.16960893430422,62.38716119399809,30.67552318430286,0.5
HCP0558,Growth,Key Target,86.87980351445663,39.575396675307225,34.38302687157372,0.5
HCP0243,Growth,Growth,69.34702900100571,46.30601052553732,32.11184254835312,0.5
HCP0131,Growth,Maintain,69.27024237532899,36.37853024115793,25.199496070632453,0.5
HCP0130,Maintain,Maintain,42.783461973838456,69.52196722892668,29.74390441285228,0.5
HCP0128,Maintain,Low Priority,13.570040578204464,95.21852224801027,12.921192107021641,0.5
HCP0006,Maintain,Low Priority,17.033853319330422,74.29101364478666,12.65462229369671,0.5
HCP0005,Low Priority,Maintain,49.9470520160037,51.54257835113128,25.743998419429005,0.5
HCP0598,Low Priority,Low Priority,41.628245095758224,51.40119824233388,21.397416786475315,0.5
HCP0597,Low Priority,Low Priority,27.693293431305467,35.98927585628516,9.966615766683022,0.5
HCP0242,Growth,Growth,76.28135578672436,0.0,0.0,0.5
HCP0593,Growth,Maintain,89.83450738511891,38.46381789213853,34.553781324911874,0.5
HCP0015,Low Priority,Low Priority,39.647608026939146,29.277399265824183,11.60778850139593,0.5
HCP0013,Low Priority,Maintain,52.49168194129719,49.76876197867196,26.124460243965732,0.5
HCP0012,Growth,Key Target,100.0,15.44501875265744,15.44501875265744,0.5
HCP0011,Growth,Growth,68.6503513736642,26.86171668796276,18.440662891284624,0.5
HCP0010,Low Priority,Maintain,51.9758828755767,48.15694218535906,25.02999586672141,0.5
HCP0241,Growth,Key Target,93.50278927693856,37.199585004727936,34.7826495788664,0.5
HCP0124,Low Priority,Low Priority,35.32007040578498,20.189940219443685,7.131101100393408,0.5
HCP0123,Low Priority,Low Priority,55.17544735281758,34.95248508467565,19.285190006396633,0.5
HCP0122,Growth,Growth,87.87661996821151,17.750304947504098,15.598368021916821,0.5
HCP0037,Low Priority,Maintain,57.02431604678109,38.909467395503725,22.187857659731286,0.5
HCP0527,Maintain,Low Priority,26.73726345175488,83.20323990603872,22.24626945407322,0.5
